Company ID,Company Name,Location Name,Location Address,Zip Code,Current Deployed Asset(s),Container Size
CID-06 2,06 Environmental Services,Mailing,"6311 Bartmer Industrial Drive, St. Louis, Missouri 63130",63130,,30
CID-1 W3,1 WAY DIESEL PERFORMANCE,1 WAY DIESEL PERFORMANCE,"13727 North US Highway 59, Nacogdoches, Texas 75965",75965,300100,30
CID-1ST4,1st Choice Metal Buildings & Carports,1st Choice Metal Build & Carports,"2516 South Street, Nacogdoches, Texas 75964",75964,,30
CID-31 5,31 WEST TRUCK REPAIR,Mailing,"15844 State Highway 31 West, Tyler, Texas 75709",75709,,30
CID-3BR6,3Br Buildings,Mailing,"P,O. Box 326, Colmesneil, Texas 75938",75938,,30
CID-3BR7,3Br Buildings,3Br Buildings - Woodville,"1498 Us Hwy 69 North, Woodville, TX 75979",75979,300086,30
CID-3G 8,3G Imaging,SITE,"1418 Kaufman Street, Newton, Texas 75966",75966,,30
CID-3P 9,3P Industries,3P Industries-Tyler,"11942 Laney Road, Tyler, Texas 75708",75708,,30
CID-3S 10,3S Grazing,Oakwood Location,"23555 County Road 241, Oakwood, Texas 75855",75855,300030,30
CID-3S 11,3S Grazing,Mailing,"5338 Farm to Market 3, Marquez, Texas 77865",77865,,30
CID-4L 12,4L Roofing & Construction,Shop,"2401 Texas 19, Crockett, Texas 75835",75835,,30
CID-4L 13,4L Roofing & Construction,Mailing,"P,O. Box 1086, Crockett, TX 75836",75836,,30
CID-4T 14,4T Property Management,4T Property Management - Bullard,"1785 McKellar Rd, Tyler, TX 75703",75703,,30
CID-4T 15,4T Property Management,Billing,"3033, Flint, texas 75762",75762,,30
CID-4TH16,4th Of July Ranch,SITE,"8008 Anderson County 404, Palestine, Texas 75803",75803,,30
CID-5 S17,5 Star Industrial Containers Llc,5 Star Industrial Containers Llc - Tyler,"14714 Sh 64, Tyler, TX 75704",75704,,30
CID-5J 18,5J Oilfield Trucking,Palestine,"4090 South US Highway 79, Palestine, Texas 75803",75803,,30
CID-7J 19,7J Stock Farm,7J Stock Farm - Crockett,"19300 St Hwy 21W, Crockett , TX 75853",75853,,30
CID-84 20,84 Energy,84 Energy,"P.O. Box 279 Leesburg, Texas 75451",75451,,30
CID-A T21,A To Z Automotive,A To Z Automotive - Tyler,"12116 State Hwy 64 East, Tyler , TX 75707",75707,,30
CID-A&D22,A&D Landworks,Office,"4801 Gilmer Road, Longview, Texas 75604",75604,,30
CID-A&D23,A&D Landworks,Bowling Alley Job,"2311 East Southeast Loop 323, Tyler, Texas 75701",75701,,30
CID-AAR24,Aaron Copeland,Aaron Copeland - Tyler,"12876 Fm 724, Tyler, TX 75704",75704,,30
CID-AAR25,Aarons Rent to Own,SITE,"1703 South Jackson Street, Jacksonville, Texas 75766",75766,,30
CID-ABE26,Abel Flores,Bullard JF Job,"County Road 3807, Bullard, Texas 75757",75757,300099,30
CID-ACC27,Accelerated Diesel,Accelerated Diesel - Tyler,"12614 County Rd 431, Tyler, TX 75706",75706,200004,30
CID-ACM28,Acme Oilfield,Acme Oilfield - Tyler,"4865 American Legion, Tyler, TX 75708",75708,,30
CID-ACT29,Action Towing,Action Towing - Longview,"157 Diesel Lane, Longview, Texas 75604",75604,,30
CID-ADA30,Adam Marsh,Demo,"13222 County Road 468, Tyler, Texas 75704",75704,,30
CID-ADA31,Adam Marsh,Winona Job,"15390 Kings Lane, Tyler, Texas 75708",75708,,30
CID-ADA32,Adam Marsh,South Tyler Demo,"11767 County Road 1121, Tyler, Texas 75709",75709,,30
CID-AGL33,Aglyn Number Four LLC,Aglyn Number Four LLC-Tyler,"3182 TX 124 Spur, Tyler, TX 75707",75707,,30
CID-AIR34,Air Right Heating & Air,Air Right Heating & Air,"1091 County Road 437, Frankston, Texas 75763",75763,,30
CID-ALF35,Alfredo Barajas,Walmart Dist. Job,"14863 Farm to Market Road 645, Palestine, Texas 75803",75803,300111,30
CID-ALL36,All Star Ford,All Star Ford,"2929 Texas 256 Loop, Palestine, Texas 75801",75801,,30
CID-ALL37,Allstar Autoplex,Mailing,"1216 East Palestine Avenue, Palestine, Texas 75801",75801,,30
CID-ALL38,Allstar Ford,Allstar,"1650 U.S. 259 Business, Kilgore, Texas 75662",75662,300116,30
CID-AME39,American Bros. Junk Removal,American Bros. Junk Removal - Murchison,"125260 Cr 3806, Murchison, TX 75778",75778,,30
CID-AME40,American Fire Protection Group,American Fire Protection Group - Palestine,"8660 Us Hwy 79, Palestine , TX 75803",75803,,30
CID-AME41,American Timber & Steel,Shop,"2999 Farm to Market Road 2864, Nacogdoches, Texas 75965",75965,300024,30
CID-ANC42,Anchor Metals,Anchor Metals - Elkhart,"16949 South State Highway 19, Elkhart, Texas 75839",75839,,30
CID-ANC43,Anchor Metals,Billing,"1106, Elkhart, texas 75839",75839,,30
CID-AND44,Anderson County Precinct 3,An Co Precinct 3,"703 North Mallard Street, Palestine, Texas 75801",75801,,30
CID-AND45,Anderson County Scrap Salvage,Anderson County Scrap Salvage - Palestine,"4340 Texas 19, Palestine, Texas 75801",75801,,30
CID-AND46,Anderson County Tax Office,Anderson County Tax Office,"703 North Mallard Street, Palestine, Texas 75801",75801,,30
CID-AND47,Andrew Bailey,Andrew Bailey - Grapeland,"15568 Hwy 21 East, Grapeland, TX 75844",75844,,30
CID-AND48,Andrew Bailey,Billing,"5403 Lake Place Drive, Houston, Texas 77041",77041,,30
CID-AND49,Andrew Clyde,Andrew Clyde - Tyler,"13804 Highway 155 South, Tyler, Texas 75703",75703,,30
CID-ANG50,Angie Reed's Construction & Design,McCain Job,"219 Belmead Lane, Tyler, Texas 75701",75701,,30
CID-ANG51,Angie Reed's Construction & Design,Parker Job,"507 Sherry Lane, Tyler, Texas 75701",75701,,30
CID-ANG52,Angie Reed's Construction & Design,Turman Job,"711 Gabriel Drive, Tyler, Texas 75701",75701,,30
CID-ANG53,Angie Reed's Construction & Design,Ferguson Job,"407 West 7th Street, Tyler, Texas 75701",75701,300072,30
CID-ANG54,Angie Reed's Construction & Design,Buchanan Job,"2417 Old Bullard Rd, Tyler, TX 75701",75701,,30
CID-ANG55,Angie Reed's Construction & Design,Holbrook Job,"526 Park Heights Cir, Tyler, TX 75701",75701,,30
CID-ANG56,Angie Reed's Construction & Design,McCrary Job,"829 Colonial Drive, Tyler, Texas 75701",75701,,30
CID-ANG57,Angie Reed's Construction & Design,Fretty Job -,"7812 Hollytree Drive, Tyler, Texas 75703",75703,,30
CID-ANG58,Angie Reed's Construction & Design,Jones Job,"2400 Wilderness Cove, Tyler, Texas 75703",75703,,30
CID-ANG59,Angie Reed's Construction & Design,Adams Job,"8026 Hollytree Dr, Tyler, TX 75703",75703,,30
CID-ANG60,Angie Reed's Construction & Design,Blake Job,"5779 S Broadway Ave, Tyler, TX 75703",75703,,30
CID-ANG61,Angie Reed's Construction & Design,Knight,"2529 Barrett Court, Tyler, Texas 75703",75703,,30
CID-ANG62,Angie Reed's Construction & Design,Jarrett Job,"1401 Brandywine Dr, Tyler, TX 75703",75703,,30
CID-ANG63,Angie Reed's Construction & Design,Buie Job,"7934 Maple Ln, Tyler, TX 75703",75703,,30
CID-ANG64,Angie Reed's Construction & Design,LeBlanc Job,"7943 Maple Lane, Tyler, Texas 75703",75703,,30
CID-ANG65,Angie Reed's Construction & Design,Moore Job,"1601 Royal Oak Drive, Tyler, Texas 75703",75703,,30
CID-ANG66,Angie Reed's Construction & Design,French Peas,"4601 Old Bullard Rd, Tyler, TX 75703",75703,,30
CID-ANG67,Angie Reed's Construction & Design,Tarrant Job,"1415 Royal Oak Drive, Tyler, Texas 75703",75703,,30
CID-ANG68,Angie Reed's Construction & Design,Webb Job,"1419 Vanderbilt Drive, Tyler, Texas 75703",75703,,30
CID-ANG69,Angie Reed's Construction & Design,Completed Williams Job,"6361 Old Jacksonville Hwy, Tyler, TX 75703",75703,,30
CID-ANG70,Angie Reed's Construction & Design,Pineda Job,"1418 Canopy Cove Court, Tyler, Texas 75703",75703,300018,30
CID-ANG71,Angie Reed's Construction & Design,Frye Job,"1454 Vanderbilt Drive, Tyler, TX 75703",75703,,30
CID-ANG72,Angie Reed's Construction & Design,Tucker Job,"2499 Wilderness Cove, Tyler, Texas 75703",75703,300058,30
CID-ANG73,Angie Reed's Construction & Design,Hill Job,"8631 Radcliffe Drive, Tyler, Texas 75703",75703,,30
CID-ANG74,Angie Reed's Construction & Design,Angie Reed's Construction & Design - Brooks Job,"1907 Sentineal Cove, Tyler, TX 75703",75703,,30
CID-ANG75,Angie Reed's Construction & Design,Nutt Job,"1310 Canopy Park Tyler, Tyler, TX 75703",75703,,30
CID-ANG76,Angie Reed's Construction & Design,Riter Job,"1844 Sentinel Way, Tyler, Texas 75703",75703,300043,30
CID-ANG77,Angie Reed's Construction & Design,Williams Job,"1848 Sentinel Way, Tyler, Texas 75703",75703,300068,30
CID-ANG78,Angie Reed's Construction & Design,Angie Reed's Construction & Design - Corprate,"4525 Old Bullard Rd, Tyler, TX 75703",75703,,30
CID-ANG79,Angie Reed's Construction & Design,Martinez,"12259 County Rd 1168, Tyler, TX 75703",75703,,30
CID-ANG80,Angie Reed's Construction & Design,Reed Job,"2017 Locklear Lane, Tyler, Texas 75703",75703,,30
CID-ANG81,Angie Reed's Construction & Design,Alindger Job,"1865 Holcomb Cir, Tyler, TX 75703",75703,,30
CID-ANG82,Angie Reed's Construction & Design,Jackson Job,"2020 Holly Hill Drive, Tyler, Texas 75703",75703,,30
CID-ANG83,Angie Reed's Construction & Design,Kathy Smith Job,"6803 Cherryhill Drive, Tyler, Texas 75703",75703,,30
CID-ANG84,Angie Reed's Construction & Design,Kaminski Job,"2608 Oak Alley, Tyler, Texas 75703",75703,300078,30
CID-ANG85,Angie Reed's Construction & Design,Smith Job,"7022 Calumet Dr, Tyler, TX 75703",75703,,30
CID-ANG86,Angie Reed's Construction & Design,Bergfeld Job -,"1840 Sentinel Way, Tyler, Texas 75703",75703,,30
CID-ANG87,Angie Reed's Construction & Design,Boyne Job,"15783 County Rd 285, Tyler, TX 75707",75707,,30
CID-ANG88,Angie Reed's Construction & Design,Furqueron Dental Job,"12050 County Road 219, Tyler, Texas 75707",75707,,30
CID-ANG89,Angie Reed's Construction & Design,Stilley Job,"3312 Ridge Bluff Circle, Tyler, Texas 75707",75707,,30
CID-ANG90,Angie Reed's Construction & Design,Tsmith Remodel,"14877 E Ridge Rd, Arp, TX 75750",75750,,30
CID-ANG91,Angie Reed's Construction & Design,Guthrie Job,"5223 Impala South Road, Athens, Texas 75752",75752,300062,30
CID-ANG92,Angie Reed's Construction & Design,DeJong Job,"16156 Treasure Cove, Bullard, Texas 75757",75757,,30
CID-ANG93,Angie Reed's Construction & Design,Freeman Remodel,"701 Vz County Rd 4822, Chandler, TX 75758",75758,,30
CID-ANG94,Angie Reed's Construction & Design,Drewry Remodel,"17956 Lookout Lake Circle, Flint, Texas 75762",75762,,30
CID-ANG95,Angie Reed's Construction & Design,Neal,"17909 County Road 132, Flint, Texas 75762",75762,,30
CID-ANG96,Angie Reed's Construction & Design,Flott Job,"17147 South Shore, Flint, TX 75762",75762,,30
CID-ANG97,Angie Reed's Construction & Design,Brink Job,"16005 Troy Court, Flint, Texas 75762",75762,,30
CID-ANG98,Angie Reed's Construction & Design,Reed Lake House,"15645 County Rd 189 N, Flint, TX 75762",75762,,30
CID-ANG99,Angie Reed's Construction & Design,Yearty Job,"17108 Lance Ln, Flint, TX 75762",75762,,30
CID-ANG100,Angie Reed's Construction & Design,James Job,"24006 Wingover Dr, Frankston, TX 75763",75763,,30
CID-ANG101,Angie Reed's Construction & Design,Selden Massey Job,"2111 Farm to Market 177, Jacksonville, Texas 75766",75766,300112,30
CID-ANG102,Angie Reed's Construction & Design,SSA Job,"1109 South Main Street, Lindale, Texas 75771",75771,,30
CID-ANG103,Angie Reed's Construction & Design,Seldon Job,"2905 Farm to Market 177, Troup, Texas 75789",75789,,30
CID-ANG104,Angie Reed's Construction & Design,Bates Job,"2408 4913, Troup, TX 75789",75789,,30
CID-ANG105,Angie Reed's Construction & Design,Morris Job,"11221 County Rd 2130, Whitehouse, TX 75791",75791,,30
CID-ANG106,Angie Reed's Construction & Design,Tubre Job,"10455 Yarbrough Lane, Whitehouse, Texas 75791",75791,300042,30
CID-ANG107,Angie Reed's Construction & Design,Millar Job,"15956 McElroy Road, Whitehouse, Texas 75791",75791,300046,30
CID-ANG108,Angie Reed's Construction & Design,Completed Ferguson Job,"13887 Peninsula Road, Whitehouse, Texas 75791",75791,,30
CID-APA109,Apache Glass & Mirror,Apache Glass & Mirror - Tyler,"13306 St Hwy 110 South, Tyler, TX 75707",75707,,30
CID-ARB110,ArborGen Bullard Nursery,Arbor Glen LLC- Bullard,"1235 Farm to Market Road 3198, Bullard, Texas 75757",75757,,30
CID-ARR111,Arrington Lumber,Arrington Lumber - Jacksonville,"445 County Road 1538, Jacksonville, TX 75766",75766,,30
CID-ASA112,ASAP INDUSTRIES LLC,ASAP INDUSTRIES LLC,"11345 Texas 19, Lovelady, Texas 75851",75851,300113,30
CID-ASA113,ASAP INDUSTRIES LLC,ASAP INDUSTRIES LLC,"PO Box 339, LOVELADY, TX 75851",75851,,30
CID-ASC114,Asco Equipment,Asco Equipment - Tyler,"2602 E Front St, Tyler, TX 75702",75702,200012,30
CID-ASH115,Ashley Renner,Ashley Renner - Elkhart,"650-Acr 134, Elkhart, TX 75839",75839,,30
CID-AST116,Astro Machine & Tool Works,Shop,"8044 County Road 313 East, Tyler, Texas 75706",75706,,30
CID-ATK117,Atkore,Atkore - Lovelady,"13616 Texas 19, Lovelady, TX 75851",75851,,30
CID-BAI118,Bailey Bark Materials,Bailey Bark Materials - Nacogdoches,"3366 Fm 2259, Nacogdoches, TX 75961",75961,,30
CID-BAL119,Balloon Base,Balloon Base-Palestine,"1510 E 3224, Palestine, TX 75803",75803,,30
CID-BAN120,Bannister Plumbing,Bannister Plumbing-Jacksonville,"4555 North Jackson Street, Jacksonville, Texas 75766",75766,300084,30
CID-BAN121,Bannister Plumbing,Shop,"4555 North Jackson Street, Jacksonville, Texas 75766",75766,,30
CID-BAR122,Barred Rock Group,Mailing,"1850 North Greenville Avenue, Richardson, Texas 75081",75081,,30
CID-BAR123,Barred Rock Group,Bass Pro,"151 Market Square Boulevard, Tyler, Texas 75703",75703,,30
CID-BEC124,Becker Iron & Metal,Remittance Address,"1310 Broadway, Venice, Illinois 62090",62090,,30
CID-BEC125,Becker Iron & Metal,Becker Iron & Metal -JRJ003828,"4006 Estes Parkway, Longview, Texas 75603",75603,,30
CID-BEC126,Becker Iron & Metal,Becker Iron & Metal - EMJ004114,"3812 Gilmer Road, Longview, Texas 75604",75604,,30
CID-BEC127,Becker Iron & Metal,Becker Iron & Metal - DMM000398,"515 East Loop 281, Longview, Texas 75605",75605,300001,30
CID-BEC128,Becker Iron & Metal,Becker Iron & Metal - KCI009509,"157 Diesel Ln, Longview, TX 75608",75608,,30
CID-BEC129,Becker Iron & Metal,JRJ000523,"4609 Northwest Loop, Carthage, Texas 75633",75633,,30
CID-BEC130,Becker Iron & Metal,Becker Iron & Metal - JRJ000572,"1201 Stone Street, Kilgore, Texas 75662",75662,,30
CID-BEC131,Becker Iron & Metal,Becker Iron & Metal - Mcn002688,"6801 S Broadway Ave, Tyler , TX 75703",75703,,30
CID-BEC132,Becker Iron & Metal,Becker Iron & Metal - Mcn004193,"1900 Ese Loop 323, Tyler, TX 75703",75703,,30
CID-BEC133,Becker Iron & Metal,Becker Iron & Metal - Tgt000578,"13786 Harvey Rd, Tyler , TX 75706",75706,,30
CID-BEC134,Becker Iron & Metal,JRJ001044,"5050 Troup Highway, Tyler, Texas 75707",75707,,30
CID-BEC135,Becker Iron & Metal,Becker Iron & Metal - JRJ003764,"105 East Centennial Boulevard, Lindale, Texas 75771",75771,,30
CID-BEC136,Becker Iron & Metal,Becker Iron & Metal - Mcn006036,"8660 Us Hwy 79 South, Palestine, TX 75803",75803,,30
CID-BEC137,Becker Iron & Metal,Becker Iron & Metal - Mcn000236,"1225 E Loop 304, Crockett, TX 75835",75835,,30
CID-BEC138,Becker Iron & Metal,Becker Iron & Metal - JRJ000364,"765 Hurst Street, Center, Texas 75935",75935,,30
CID-BEN139,Ben,Ben - Centerville,"4417 Cr 114, Centerville , TX 75833",75833,,30
CID-BEN140,Benjamin Franklin Plumbing,UNITED PLUMBING,"1066, Whitehouse, Texas 75791",75791,,30
CID-BEN141,Benjamin Franklin Plumbing,Benjamin Franklin Plumbing-Whitehouse,"15040 TX-110, Whitehouse, TX 75791",75791,300009,30
CID-BEN142,Benjamine Pinson,Benjamine Pinson - Palestine,"1203 W Oak St, Palestine, TX 75801",75801,300012,30
CID-BEN143,Bennett McKenzie,Mailing,"210 Brookbend Drive, Waxahachie, Texas 75165",75165,,30
CID-BEN144,Bennett McKenzie,McKenzie Ranch,"22246 County Road 4142, Lindale, Texas 75771",75771,300110,30
CID-BES145,Best Gaylord Boxes,"Royce City, Texas","9704 Texas 276, Royse City, Texas 75189",75189,,30
CID-BES146,BestBlock,BestBlock,"2500 West Reagan Street, Palestine, Texas 75801",75801,300109,30
CID-BLA147,Black Label Pro Diesel,Black Label Pro Diesel - Lindale,"12423 Farm to Market Road 16, Lindale, Texas 75771",75771,100002,30
CID-BLU148,Blue Goose Fabrications,Blue Goose Fabrications - Jacksonville,"1829 Norman Drive, Jacksonville, TX 75766",75766,,30
CID-BLU149,Blue Ribbon Fence Company,blue,"1189 Meadows Lane, Longview, Texas 75603",75603,300063,30
CID-BLU150,Blue Ribbon Fence Company,Mailing,"P.O.Box 396 Judson, TX 75660",75660,,30
CID-BO 151,Bo Ervin,SITE,"108 Holly Lake Drive, Nacogdoches, Texas 75965",75965,300057,30
CID-BOB152,Bob Gary,Bob Gary - Jasper,"1115 Farm Road 1738, Jasper , TX 75951",75951,,30
CID-BOB153,Bobby Snyder,SITE,"1892 Vz County Road 1708, Grand Saline, Texas 75140",75140,,30
CID-BOL154,Bolds Towing,Bolds Towing,"228 Mimosa Drive, Winnfield, Louisiana 71483",71483,,30
CID-BRA155,Brad Stewart,Mailing,"870 County Road 1408, Jacksonville, Texas 75766",75766,,30
CID-BRA156,Brad Stewart,Brad Stewart,"5415 County Road 3305, Jacksonville, Texas 75766",75766,,30
CID-BRA157,Brandon Martin,Brandon Martin Job,"3628 Farm to Market 344 East, Tyler, Texas 75703",75703,,30
CID-BRE158,Brent McArthur,SITE,"297 County Road 2040, Crockett, Texas 75835",75835,,30
CID-BRO159,Broaddus Isd,Broaddus Isd - Broaddus,"16405 Tx Hwy 147, Broaddus, TX 75929",75929,,30
CID-BRU160,Bruners Economy Car Center,Bruners Economy Car Center - Crockett,"3590 Us 287, Crockett, TX 75835",75835,,30
CID-BRU161,Brushy Creek Water Supply Corporation,Brushy Creek Water Supply Corporation,"167 County Road 432, Palestine, Texas 75853",75853,,30
CID-BUC162,Buck Up Services,Buck Up Services - Palestine,"601 Armory Rd, Palestine , TX 75803",75803,,30
CID-BYR163,Byrider,Byrider - Byrider Longview,"1007 W Marshall Ave, Longview, TX 75604",75604,200016,30
CID-BYR164,Byrider,Byrider - Byrider Tyler - Tyler,"3908 S Sw Loop 323, Tyler, TX 75701",75701,100001,30
CID-C4 165,C4 Steel Solutions,Re-Cal Job,"9549 Farm to Market Road 322, Palestine, Texas 75801",75801,300092,30
CID-C4 166,C4 Steel Solutions,C4 Steel Solutions - Elkhart,"3219 An County Rd 179, Elkhart, TX 75839",75839,300118,30
CID-CAM167,Cameron Davis,Cameron Davis,"13951 Texas 364 Spur, Tyler, Texas 75709",75709,,30
CID-CAR168,Carol Hampton,Carol Hampton,"3190 An County Road 4493, Palestine, Texas 75803",75803,300036,30
CID-CAS169,Casey Sweat,Billing,"PO Box 40, Iredell, TX 76649",76649,,30
CID-CAS170,Casey Sweat,Casey Sweat,"Farm to Market Road 2915, Texas",#N/A,,30
CID-CAS171,Casie Hawthorne,Casie Hawthorne,"8214 Texas 7, Crockett, Texas 75835",75835,,30
CID-CAV172,Cavenders Boot City,Cavenders Boot City - Tyler,"1902 Brandon Drive Suite B, Tyler, TX 75703",75703,,30
CID-CAY173,Cayuga Isd,Cayuga Isd - Palestine,"8801 Us 79, Palestine, TX 75801",75801,,30
CID-CEN174,Central Garden & Pet,Central Garden & Pet - Athens,"401 Athens Brick Rd, Athens, TX 75751",75751,,30
CID-CHA175,Chaffin Tower Services,Mailing,"P.O. Box 765, Hulbert, OK 74441",74441,,30
CID-CHA176,Chaffin Tower Services,Elkhart,"Wright Street, Elkhart, Texas 75839",75839,,30
CID-CHA177,Charles Hill,Charles Hill - Kennard,"4341 Cr 4675, Kennard , TX 75847",75847,,30
CID-CHA178,Charles Hill,Mailing,"15422 Rocky Bridge Lane, Cypress, Texas 77433",77433,,30
CID-CHE179,Cherokee County Co-Op,Cherokee County Co-Op - Chapel Hill,"11022 State Highway 64, Tyler, Texas 75707",75707,,30
CID-CHE180,Cherokee County Co-Op,Cherokee County Co-Op - Rusk Us-69,"29880 Us-69, Rusk, TX 75785",75785,,30
CID-CHE181,Cherokee County Pr3,County Shop,"7500 U.S. 79, Jacksonville, Texas 75766",75766,,30
CID-CHE182,Cherokee County Solid Waste,Cherokee County Solid Waste - Rusk Cr,"420 Cr 1618, Rusk, TX 75785",75785,300040,30
CID-CHR183,Chris Collins,Mailing,"217 Glenwood Drive, Coppell, Texas 75019",75019,,30
CID-CHR184,Chris Collins,Chris Collins - Hawkins,"1205 Cr 3840, Hawkins , TX 75765",75765,,30
CID-CHR185,Chris Drewry,Chris Drewry,"17956 Lookout Lake Circle, Flint, Texas 75762",75762,,30
CID-CHR186,Chris Kizer,Chris Kizer - Elkhart,"550 Acr 2113, Elkhart , TX 75839",75839,300087,30
CID-CHR187,Chris Salas,Chris Salas - Center,"2706 Us Hwy 96 N, Center, TX 75935",75935,,30
CID-CHR188,Chris Thompson,Chris Thompson-Null,"1507 County Rd 496, -, TX 75832",75832,,30
CID-CHR189,Chris Venable,Chris Venable,"11855 Farm to Market Road 1255, Grand Saline, Texas 75140",75140,300073,30
CID-CHR190,Christine Griffiths,Mailing,"1093 White Cap Road, Sulphur, Louisiana 70665",70665,,30
CID-CHR191,Christine Griffiths,SITE,"1169 Farm to Market 19, Palestine, Texas 75803",75803,,30
CID-CIT192,City Of Alba,City Of Alba - Alba,"150 Kirby Street, Alba , TX 75410",75410,300050,30
CID-CIT193,City Of Alba,Mailing,"197, Alba, Texas 75410",75410,,30
CID-CIT194,City of Big Sandy,Big Sandy,"108 East Broadway, Big Sandy, Texas 75755",75755,,30
CID-CIT195,City of Big Sandy,Water Tower,"208 West Boulder Avenue, Big Sandy, Texas 75755",75755,,30
CID-CIT196,City of Big Sandy,Mailing,"PO BOX 986 BIG SANDY, TEXAS 75755",75755,,30
CID-CIT197,City Of Grand Saline,City Of Grand Saline - Grand Saline,"132 E. Frank Street, Grand Saline, TX 75140",75140,,30
CID-CIT198,City of Grapeland,City of Grapeland,"202 Main Street, Grapeland, Texas 75844",75844,,30
CID-CIT199,City Of Jacksonville,City Of Jacksonville - Jacksonville,"811 Farnsworth, Jacksonville, TX 75766",75766,,30
CID-CIT200,City Of Jacksonville,Mailing,"1220 South Bolton Street, Jacksonville, Texas 75766",75766,,30
CID-CIT201,City Of Palestine Works Department,City Of Palestine Works Department - Palestine,"201 E Coronaca St, Palestine , TX 75801",75801,,30
CID-CK 202,Ck Jones Developers,Ck Jones Developers - Tyler,"1843 Sentinel Way, Tyler , TX 70703",70703,,30
CID-CK 203,Ck Jones Developers,CK Jones Developers Office,"11011 US Highway 69 North, Tyler, Texas 75706",75706,,30
CID-CLA204,Classic Collision 2031 Crockett,Crockett Shop,"1053 East Loop 304, Crockett, Texas 75835",75835,200017,30
CID-CLA205,Classic Collision North Jackson,Cooperate Office,"1207 North Frisco Street, Henderson, Texas 75652",75652,,30
CID-CLA206,Classic Collision North Jackson,All Star Collision - Jacksonville,"1024 N Jackson St, Jacksonville, TX 75766",75766,200002,30
CID-CLE207,"Clear Choice Glass & Mirror, LLC","Clear Choice Glass & Mirror, LLC","418 Old Elkhart Road, Palestine, Texas 75801",75801,,30
CID-CLI208,Clint Bowker,Mailing,"3416 Fox Hill Terrace, Edmond, Oklahoma 73034",73034,,30
CID-CLI209,Clint Bowker,SITE,"5606 County Road 3419, Hawkins, Texas 75765",75765,,30
CID-COB210,Cobb Cattle Co.,Gary Cobb,"937 County Road 3287, Quitman, Texas 75783",75783,,30
CID-COL211,Colburn Supply,Colburn Supply - Jasper,"320 S Fletcher St, Jasper, TX 75951",75951,,30
CID-COL212,Colton Ray,New Location,"10771 Farm to Market 358, Groveton, Texas 75845",75845,,30
CID-COL213,Colton Ray,Shop,"9876 Farm to Market 358, Groveton, Texas 75845",75845,,30
CID-COL214,Colton Ray,Colton Ray - New Location,"10771 Farm to Market 358, Groveton, Texas 75845",75845,,30
CID-CON215,Consolidated Design & Machine,Consolidated Mailing Address,"1832 Industrial Boulevard, Boaz, Alabama 35957",35957,,30
CID-CON216,Consolidated Design & Machine,Pilgrim's Hatchery,"7550 East Highway 7, Nacogdoches, Texas 75961",75961,,30
CID-COO217,Cook Compression,Cook Compression - Tyler,"2123 Deerbrook Drive, Tyler, TX 75703",75703,200018,30
CID-COO218,Cooke Construction,Mailing,"P.O.BOX 339, Emory, Texas 75440",75440,,30
CID-COO219,Cooke Construction,Potts Feed,"119 North Texas Street, Emory, Texas 75440",75440,,30
CID-COR220,"Cortex Process Equipment, LLC","Cortex Process Equipment, LLC","3733 Shiloh Road, Tyler, Texas 75707",75707,300064,30
CID-COR221,"Cortex Process Equipment, LLC","Cortex Process Equipment, LLC","10880 Alcott Drive, Houston, Texas 77043",77043,,30
CID-COS222,Costal House Elevation & Construction Llc,Billing,"7400 Bill Corbello Road, Iowa, Louisiana 70647",70647,,30
CID-COS223,Costal House Elevation & Construction Llc,Costal House Elevation & Construction Llc - Tyler,"10898 Cr 122 Tyler Tx 75703, Tyler, TX 75703",75703,,30
CID-COX224,Cox's Lumber,SITE,"1202 Kaufman Street, Newton, Texas 75966",75966,,30
CID-CRE225,Crest Process Systems,Crest,"2600 Robertson Road, Tyler, Texas 75701",75701,300104,30
CID-CRE226,Crest Process Systems,Glenwood Job,"850 South Glenwood Boulevard, Tyler, Texas 75701",75701,,30
CID-CRO227,Crockett Ag & Turf,Crockett Ag & Turf - Crockett,"1407 E Loop 304, Crockett, TX 75835",75835,,30
CID-CRO228,Crockett Construction,Crockett Construction - Crockett,"1045 Tx 7 W., Crockett, TX 75835",75835,,30
CID-CRO229,Crockett Isd,Crockett Isd - Crocket,"1400 W Austin St, Crocket, TX 75835",75835,300016,30
CID-CRO230,Crowded 6 Ranch,Crowded 6 Ranch - Tyler,"Robbs Cemetery Rd, Tyler, TX 75704",75704,400015,30
CID-CRY231,Crystal Mcconnell,Mailing,"po box 218, grapeland, texas 75844",75844,,30
CID-CRY232,Crystal Mcconnell,Crystal Mcconnell-Grapeland,"3541 Farm to Market 228, Grapeland, Texas 75844",75844,,30
CID-CUR233,Curtis Jacks,West Sabine High School,"109 Timberland Highway, Pineland, Texas 75968",75968,,30
CID-CUR234,Curtis Jacks,Curtis Jacks,"2585 Farm to Market Road 711, San Augustine, Texas 75972",75972,,30
CID-CW 235,CW Resources,CW Resources,"4624 FM 724, Tyler, TX 75704",75704,,30
CID-DAK236,Dakota Fuller,Fuller Job,"11917 Farm to Market Road 1255, Canton, Texas 75103",75103,300075,30
CID-DAN237,Dan Bailey,Dan Bailey,"683 Fair Park Drive, Tyler, Texas 75702",75702,,30
CID-DAN238,Danielle Wright,Danielle Wright - Brownsboro,"16402 Cr 3302, Brownsboro, TX 75756",75756,,30
CID-DAN239,Danny Williams,Danny Williams - Bullard,"11345 Fm 855 W, Bullard , TX 75757",75757,,30
CID-DAV240,David Janice,SITE,"221 Little River Bend, Quitman, Texas 75783",75783,,30
CID-DAV241,David Kirby,David Kirby,"880 An County Road 2134, Palestine, Texas 75801",75801,,30
CID-DAV242,David Reagan,David Reagan,"6053 County Road 103, Elkhart, Texas 75839",75839,,30
CID-DAY243,Daystar Electric,Mailing,"P.O.Box 8660, Tyler, Texas 75711",75711,,30
CID-DAY244,Daystar Electric,Daystar,"17662 County Road 196, Flint, Texas 75762",75762,,30
CID-DEE245,Deer Buildings & Carports,Deer Buildings & Carports - Nacogdoches,"5656 Hwy 7 E, Nacogdoches, TX 75961",75961,,30
CID-DEL246,Delek Companies,Delek Environmental - Tyler,"1702 Commerce Street, Tyler, TX 75702",75702,"200006, 300038, 300079, L400004",30
CID-DEL247,Delek Companies,Mailing,"425 North McMurrey Drive, Tyler, Texas 75702",75702,,30
CID-DEN248,Dennis Mackey,Dennis Mackey,"18713 County Road 2195, Whitehouse, Texas 75791",75791,,30
CID-DIA249,Diamond S Ag Services,Mailing,"12399 Farm to Market Road 1511, Keechi, Texas 75831",75831,,30
CID-DIA250,Diamond S Ag Services,Pate Job,"15741 Farm to Market Road 831, Buffalo, Texas 75831",75831,,30
CID-DIA251,Diamond T Ranch,Diamond T Ranch - Jacksonville,"1298 Cr 1405, Jacksonville , TX",#N/A,,30
CID-DIS252,Discount Computer Depot,Discount Computer Depot - Jacksonvile,"1653 North Bolton Street, Jacksonville, Texas 75766",75766,,30
CID-DIS253,Discount Pipe and Steel,Shop,"13451 Texas 11, Pickton, Texas 75471",75471,,30
CID-DOG254,Doggett John Deer,Doggett John Deer - Tyler,"1126 Nne Loop 323, Tyler, TX 75708",75708,,30
CID-DON255,Don Hamiltion,Don Hamiltion - Trinity,"4250 S Caney Creek Rd, Trinity , TX 75862",75862,,30
CID-DON256,Don Hamilton,Mailing,"856, Groveton, TX 75845",75845,,30
CID-DON257,Don Hamilton,Don Hamilton - Trinity,"4250 South Caney Creek Road, Trinity, Texas 75862",75862,200020,30
CID-DON258,Donna Lenhardt,SITE,"186 County Road 721, Nacogdoches, Texas 75964",75964,,30
CID-DOR259,Dora Gibson,SITE,"1766 Day Road, Elkhart, Texas 75839",75839,300013,30
CID-DOW260,Dow Autoplex,Shop,"1313 South Pacific Street, Mineola, Texas 75773",75773,,30
CID-DOW261,Dowling Heating & Air Conditioning,Dowling,"14563 Farm to Market 747, Jacksonville, Texas 75766",75766,300049,30
CID-DRI262,Drive On Manufacturing,Drive On Manufacturing - Emory,"234 Enterprise Blvd, Emory, TX 75440",75440,100005,30
CID-DUA263,Dualfab,Shop,"449 East Greenville Street, Alba, Texas 75410",75410,300098,30
CID-DUA264,Dualfab,Mailing,"P.O. Box 407 Golden, TX 75444, ,",#N/A,,30
CID-DYN265,Dynamic Energy Transport,Dynamic Energy Transport - Tyler,"11117 County Rd 490, Tyler, TX 75706",75706,,30
CID-DYN266,Dynasty Development,Watson St Job,"4416 Watson Street, Tyler, Texas 75701",75701,,30
CID-DYN267,Dynasty Development,Watson St Job,"4416 Watson Street, Tyler, Texas 75701",75701,,30
CID-DYN268,Dynasty Development,Dynasty Development,"8689 Paluxy Drive, Tyler, Texas 75703",75703,,30
CID-DYN269,Dynasty Development,Mailing,"1350 Dominion Plaza, Tyler, Texas 75703",75703,,30
CID-DYN270,Dynasty Development,Parkside Job,"8667 South Broadway Avenue, Tyler, Texas 75703",75703,300108,30
CID-EAG271,Eagle Business Machines,Eagle Business Machines - Tyler,"11017 County Road 42, Tyler, Texas 75704",75704,300054,30
CID-EAG272,Eagle Railcar,"Elkhart, TX","404 U.S. 287, Elkhart, Texas 75839",75839,,30
CID-EAS273,East Texas Asphalt,East Texas Asphalt - Center,"2141 Loop 500 E, Center, TX 75935",75935,,30
CID-EAS274,EasTex Solar,EasTex Solar,"819 County Road 446, Palestine, Texas 75803",75803,,30
CID-EDD275,Eddie Jowell,Eddie Jowell,"1029 An County Road 185, Elkhart, Texas 75839",75839,,30
CID-ELI276,Elite Collision Center,Elite Collision Center - Tyler,"3404 N. Northeast Loop 323, Tyler, TX 75708",75708,,30
CID-ELI277,Elite-ICT,Mailing,"2626 Midwest Court, Champaign, Illinois 61822",61822,,30
CID-ELI278,Elite-ICT,TOWER SITE,"1082 County Road 3417, Jacksonville, Texas 75766",75766,,30
CID-ELK279,Elkhart Fire Rescue,Elkhart Fire Rescue,"457 Elkhart Road, Elkhart, Texas 75839",75839,,30
CID-ELL280,Elliot Chrysler Dodge,Elliot Chrysler Dodge - Palestine,"2321 State Hwy 155, Palestine, TX 75701",75701,,30
CID-ENE281,Energy Equipment & Resources,Energy Equipment & Resources - Tyler,"908 Hospital Drive, Tyler, TX 75701",75701,,30
CID-EQ 282,EQ Autoworks,Mailing,"4301 State Highway 31 West, Tyler, Texas 75709",75709,300076,30
CID-EQ 283,EQ Autoworks Mineola,Shop,"165 County Road 2210, Mineola, Texas 75773",75773,,30
CID-EQU284,Equipmentshare,Equipmentshare - Gladewater,"1761 S Tyler St, Gladewater, TX 75647",75647,300070,30
CID-EQU285,Equipmentshare,EquipmentShare - Jasper,"963 Texas 63, Jasper, Texas 75951",75951,300083,30
CID-ETH286,Ethan Miles,Ethan Miles - Garrison,"1190 Cr 1362, Garrison , TX 75946",75946,,30
CID-EXP287,Express Carwash,Express Carwash - Tyler,"2123 W Sw Loop 323, Tyler, TX 75701",75701,,30
CID-EXT288,Extreme Trailers,Extreme Trailers - Flint,"17569 Hwy 155 South, Flint, TX 75762",75762,,30
CID-FEL289,Felicia Wray,Brakes Plus,"3910 South Broadway Avenue, Tyler, Texas 75701",75701,100003,30
CID-FIR290,Fire Skid Services,Demo Off New Copeland Rd,"6126 New Copeland Rd, Tyler, TX 75703",75703,,30
CID-FIR291,Fire Skid Services,Demo,"12701 Spring Drive, Lindale, Texas 75771",75771,,30
CID-FIR292,Fire Skid Services,Van Demo,"18480 County Road 446, Lindale, Texas 75771",75771,,30
CID-FOU293,Four Seasons Containers,Mailing Address,"PO Box 647, Terrell, Texas 75160",75160,,30
CID-FOU294,Four Seasons Containers,Four Seasons Containers,"14714 State Highway 64, Tyler, Texas 75704",75704,400016,30
CID-FRI295,Fritcher Construction,Hubbard School,"4400 New Copeland Road, Tyler, Texas 75703",75703,,30
CID-FRI296,Fritcher Construction,Mailing,"14394 FM 2868, Flint, Texas 75762",75762,,30
CID-FUS297,Fusion Metal Art Work Llc,Fusion Metal Art Work Llc - Hawkins,"802 N Beaulah, Hawkins, TX 75765",75765,,30
CID-G&R298,G&R GUTTERS & GARAGE DOORS,New Shop,"2107 Broussard Street, Tyler, Texas 75701",75701,"300006, 300120",30
CID-G&R299,G&R GUTTERS & GARAGE DOORS,Shop,"17968 FM 2493, Flint, Texas 75762",75762,,30
CID-G&R300,G&R GUTTERS & GARAGE DOORS,Mailing,"POBOX 1285 WHITEHOUSE, TX 75791, ,",#N/A,,30
CID-GAR301,Gardner Excavating Llc,Gardner Excavating Llc,"133 County Road 1020, Crockett, Texas 75835",75835,,30
CID-GAR302,Gary Fleet,Storage Facility,"3708 Shiloh Road, Tyler, Texas 75707",75707,,30
CID-GAR303,Gary Fleet,South 110 Job,"13437 Texas 110, Tyler, Texas 75707",75707,,30
CID-GAR304,Gary Fleet,Specialty,"2924 Specialty Drive, Tyler, Texas 75707",75707,,30
CID-GAR305,Gary Fleet,Whiteside Job,"804 Whiteside Road, Tyler, Texas 75709",75709,300034,30
CID-GAR306,Gary Fleet,Mailing,"11172 Marsh Wren Circle, Flint, Texas 75762",75762,,30
CID-GAR307,Gary Monthei,Gary Job,"1421 Pr 1270, Centerville, Texas 75833",75833,,30
CID-GAY308,Gayle Fuller,Gayle Fuller,"11927 Farm to Market Road 1255, Canton, Texas 75103",75103,,30
CID-GEE309,Geeding Construction,Mailing,"600 State Highway H, Troy, Missouri 63379",63379,,30
CID-GEE310,Geeding Construction,Shop,"14605 County Road 246 South, Arp, Texas 75750",75750,,30
CID-GEE311,Geeding Construction,Trans Canada,"3603 U.S. 287, Corrigan, Texas 75939",75939,,30
CID-GEO312,George Torma Air Conditioning,George Torma Air Conditioning,"312 North Perry Street, Palestine, Texas 75801",75801,,30
CID-GLA313,Glacier Cooling & Heating,Glacier Cooling & Heating - Lindale,"13380 Fm 849, Lindale, TX 75771",75771,,30
CID-GOU314,Gourmet Gardens,Gourmet Gardens - Jacksonville,"300 E Tena St, Jacksonville , TX 75766",75766,"400005, 400006",30
CID-GRA315,Grace Community Schools/Church,SITE,"3001 University Boulevard, Tyler, Texas 75701",75701,300080,30
CID-GRA316,Grapeland ISD,High School,"318 North Olive Street, Grapeland, Texas 75844",75844,,30
CID-GRA317,Grapeland ISD,Ag Building,"120 1st Street, Grapeland, Texas 75844",75844,300088,30
CID-GRE318,Greenway Gutters,SITE,"106 County Road 4814, Ben Wheeler, Texas 75754",75754,300029,30
CID-GRE319,Greenway Gutters,Greenway Gutters,"17555 Highway 155 South, Flint, Texas 75762",75762,,30
CID-GTO320,GTO Ready Mix,TYLER YARD,"14662 Highway 155 South, Tyler, Texas 75703",75703,,30
CID-GTO321,GTO Ready Mix,GTO Ready Mix,"13732 County Road 474, Lindale, Texas 75771",75771,,30
CID-GUT322,Gutter Plus,Gutter Plus - Grapeland,"18 Acr 1220, Grapeland, TX 75844",75844,,30
CID-GUY323,Guy Homes Llc,Guy Homes Llc - Tyler,"4719 Old Bullard Rd, Tyler, TX 75703",75703,,30
CID-GUY324,Guy Homes Llc,Guy Home,"13357 Peninsula Road, Whitehouse, Texas 75791",75791,,30
CID-H&A325,H&A Welding,H&A Welding - Palestine,"2006 E Us Hwy 84, Palestine , TX 75801",75801,,30
CID-H&H326,H&H Construction,H&H Construction - Grapeland,"2415 Fm 1272, Grapeland, TX 75844",75844,300114,30
CID-H&H327,H&H Construction,Mailing,"P.O. Box 216 Poynor, TX 75782, -, -",#N/A,,30
CID-HAL328,Hal Williams,Hal Williams - Tyler,"13147 Greenbrier Rd, Tyler, TX 75709",75709,,30
CID-HAL329,Hall Truck Center,Hall Truck Center - Tyler,"5721 State Hwy 31 W, Tyler, TX 75709",75709,200010,30
CID-HAN330,Hangers Of Hope,Hangers Of Hope - Loop 323,"920 W Sw Loop 323, Tyler, TX 75701",75701,300097,30
CID-HAN331,Hangers Of Hope Broadway,Hangers Of Hope Broadway - Tyler,"2125 S Broadway, Tyler , TX 75701",75701,,30
CID-HAR332,Harry Patel,Mailing,"509 North Spring Street, Grand Saline, Texas 75140",75140,,30
CID-HAR333,Harry Patel,Harry Patel,"115 East Garland Street, Grand Saline, Texas 75140",75140,,30
CID-HD 334,HD Community Managment,Mailing,"1709 Twila Lane, Conroe, Texas 77301",77301,,30
CID-HEA335,Headwaters Concrete Products,Headwaters Concrete Products - Palestine,"2500 W Reagan St, Palestine, TX 75801",75801,,30
CID-HEA336,Heath Kenney,Heath Kenney - Lovelady,"1475 County Road 3515, Lovelady, TX 75851",75851,,30
CID-HEN337,Henderson- Oconner-Bathe,Henderson- Oconner-Bathe - Quitman,"3961 Farm to Market Rd 2966, Quitman, TX 75783",75783,,30
CID-HEN338,Henry AC & Heating,Henry AC & Heating,"An County Road 445, Palestine, Texas 75803",75803,300060,30
CID-HER339,Herman Moore,SITE,"4520 Farm to Market Road 132, Crockett, Texas 75835",75835,,30
CID-HEX340,Hex 6,Hex 6 - Tyler,"5406 Fm850, Tyler, TX 75705",75705,100004S,30
CID-HGR341,HGR General Construction,HGR General Construction,"11380 U.S. 271, Tyler, Texas 75708",75708,,30
CID-HIG342,"Higgins Diesel Service , LLC.","Higgins Diesel Service , LLC.","12945 South US Highway 79, Palestine, Texas 75801",75801,,30
CID-HLM343,Hlm Inc,Hlm Inc - Canton,"13358 State Hwy 19, Canton, TX 75103",75103,,30
CID-HOD344,Hodges Collision,Hodges Collison,"16240 State Highway 31 West, Tyler, Texas 75709",75709,,30
CID-HOL345,Holly Lake Golf Car Ranch Llc,Holly Lake Golf Car Ranch Llc - Hawkins,"3490 FM2869, Hawkins, TX 75765, Hawkins, TX 75765",75765,,30
CID-HOL346,Holt Cat,Holt Cat - Tyler,"12218 State Hwy 31 W, Tyler , TX 75709",75709,,30
CID-HOR347,Horizon Industrial,Shop,"500 North Bois D'Arc Avenue, Tyler, Texas 75702",75702,,30
CID-HOR348,Horton Construction,Horton Construction - Grapeland,"1993 Fm 2423, Grapeland, TX 75844",75844,,30
CID-HOU349,Houston County Co-Op,Houston County Co-Op - Crockett,"1701 Se Loop 304, Crockett, TX 75835",75835,,30
CID-HOU350,Houston County Co-Op,Houston County Co-op,"2200 South 4th Street, Crockett, Texas 75835",75835,200003,30
CID-HOU351,Houston County Equipment,Houston County Equipment - Crockett,"1604 E Loop 304, Crockett, TX 75835",75835,,30
CID-HUG352,Hughes Appliance,Hughes Appliance - Mineola,"1305 West Broad Street, Mineola, Texas 75773",75773,200008,30
CID-HUN353,Hunter Demolition & Wrecking Corp.,Glenwood,"850 South Glenwood Boulevard, Tyler, Texas 75701",75701,,30
CID-HUN354,Hunter Withers,Hunter Withers - Mineola,"19633 Cr 484, Mineola , TX 75773",75773,,30
CID-HUN355,Huntwell,Huntwell - Tyler,"4136 Chandler Hwy, Tyler , TX 75702",75702,,30
CID-HYD356,Hydro Con LLC,SITE,"9592 FM 235, Reklaw, TX 75784",75784,,30
CID-HYD357,Hydro Con LLC,Mailing,"11263 Interstate 35, Lorena, Texas 76655",76655,,30
CID-IMP358,Impressive,Impressive - Tyler,"2901 Teague Drive, Tyler, TX 75701",75701,,30
CID-IMP359,Impressive Image Works,Impressive Image Shop,"2901 Teague Drive, Tyler, Texas 75701",75701,,30
CID-INL360,Inland Environments LTD,Inland Environments LTD,"PO Box 6751, Kingwood, TEXAS 77325-6751",77325-6751,,30
CID-INL361,Inland Environments LTD,Inland Environments LTD,"25380 Old Sorters Road, Porter, Texas 77365",77365,,30
CID-INN362,Inner Loop Construction,Mailing,"136 Glass Street, Dallas, Texas 75207",75207,,30
CID-INN363,Inner Loop Construction,Mall Job,"2000 Texas 256 Loop, Palestine, Texas 75801",75801,,30
CID-INT364,Integrated Waste Services,Palestine Walmart Job,"2223 Texas 256 Loop, Palestine, Texas 75801",75801,,30
CID-INT365,Integrated Waste Services,Mailing,"P.O.Box 9211 Marietta, GA 30065, ,",#N/A,,30
CID-IRO366,Iron Ranch,Mailing,"23069 County Road 431, Lindale, Texas 75771",75771,,30
CID-IVA367,Ivan Ledet,Ivan Ledet,"11937 U.S. 271, Tyler, Texas 75708",75708,,30
CID-J&B368,J&B Security,J&B Security,"112 Village Street, Palestine, Texas 75801",75801,,30
CID-JAF369,Jaffer Hussain,Jaffer Hussain,"925 County Road 450, Palestine, Texas 75803",75803,,30
CID-JAM370,James Michael,James Michael - Mydell,"7607 Hwy 84, Mydell, TX 75785",75785,,30
CID-JAM371,James Nona,James Nona - Rusk,"7607 Us 84, Rusk , TX 75785",75785,,30
CID-JAS372,Jason Brothers,Jason Brothers,"131 County Road 3837, Hawkins, Texas 75765",75765,,30
CID-JAS373,Jason Wink,Jason Wink,"5639 County Road 1155, Kennard, Texas 75847",75847,,30
CID-JAS374,Jasper County Medical Center,Jasper County Medical Center - Kirbyville,"18732 Fm 252, Kirbyville, TX 75756",75756,,30
CID-JAS375,Jasper County Medical Center,Billing,"1609 South Margaret Avenue, Kirbyville, Texas 75956",75956,,30
CID-JAS376,Jasper Hospital District,Jasper Hospital District - Jasper,"1001 Dickerson Drive, Jasper, TX 75951",75951,,30
CID-JAS377,Jasper Ventures Inc,Jasper Ventures Inc - Troup,"21249 Tx Hwy 110, Troup, TX 75789",75789,"300019, 300051, 300065",30
CID-JAS378,Jasper Ventures Inc,Jasper Ventures Inc - Whitehouse,"101 Glenda Street, Whitehouse, Texas 75791",75791,,30
CID-JAY379,Jayden Root,Mailing,"2901 Teague Drive, Tyler, Texas 75701",75701,,30
CID-JB 380,Jb Crawford Construction,Jb Crawford Construction - Nacogdodches,"16609 Hwy 259, Nacogdodches, TX 75965",75965,,30
CID-JC 381,JC Fence,J.C Fence,"6136 Texas 300, Longview, Texas 75604",75604,300015,30
CID-JER382,Jeremy Caruthers,Roberts&Roberts Job,"118 West 4th Street, Tyler, Texas 75701",75701,,30
CID-JER383,Jeremy Caruthers,3001 Belmead,"3001 Belmead Lane, Tyler, Texas 75701",75701,,30
CID-JER384,Jeremy Caruthers,Jeremy Caruthers - Silvermaple,"7302 Silvermaple Cove, Tyler, TX 75703",75703,,30
CID-JER385,Jeremy Caruthers,Jeremy Caruthers - Tyler,"1989 Holystone, Tyler, TX 75703",75703,,30
CID-JER386,Jeremy Caruthers,Holly Tree,"1705 Woodlands Drive, Tyler, Texas 75703",75703,,30
CID-JER387,Jeremy Caruthers,Jeremy Caruthers - Sheldon Ln,"13560 Sheldon Lane, Tyler, Texas 75703",75703,,30
CID-JH 388,Jh Roofing,Jh Roofing - Tyler,"1908 East Erwin, Tyler, TX 75702",75702,,30
CID-JIM389,Jimmy McMillian,SITE,"11199 Texas 19, Lovelady, Texas 75851",75851,,30
CID-JIM390,Jimmy McMillian,Jimmy McMillian,"11199 Texas 19, Lovelady, Texas 75851",75851,200009,30
CID-JOD391,Jody Whitworth,Home,"1385 County Road 3990, Winnsboro, Texas 75494",75494,200007,30
CID-JOE392,Joe Arena,Joe Arena,"4313 Farm to Market 2076, Crockett, Texas 75835",75835,,30
CID-JOE393,Joe Cruseturner,Cruseturner Ranch,"1237 Farm to Market Road 1272, Grapeland, Texas 75844",75844,,30
CID-JOE394,Joe Cruseturner,Mailing,"1607 Lodge Falls Court, Kingwood, Texas 77345",77345,,30
CID-JOE395,Joe Hand,Mailing,"16151 State Highway 64, Tyler, Texas 75704",75704,,30
CID-JOE396,Joe Hand,Chris Location,"15225 State Highway 64, Tyler, Texas 75704",75704,,30
CID-JOE397,Joe Tex,Joe Tex - Null,"1609 S Mineola Tx, Null, TX 75757",75757,,30
CID-JOE398,Joe Tex Xpress Mineola,Joe Tex Xpress Mineola,"1609 U.S. 69, Mineola, Texas 75773",75773,300020,30
CID-JOH399,John Fussell,Home,"765 Martin Thompson Road, Groveton, Texas 75845",75845,,30
CID-JOH400,John Hampson,Site,"6284 Farm to Market 47, Point, Texas 75472",75472,,30
CID-JOH401,John Linder Operating,Mailing,"P.O.Box 97, Gladewater, Texas 75647",75647,,30
CID-JOH402,John Linder Operating,John Linder Operating,"3458 Anderson 153 County, Palestine, TX 75801",75801,,30
CID-JOR403,Jordan Industrial Services,Jordan Industrial Services - Center,"595 County Road 1211, Center, TX 75935",75935,,30
CID-JOR404,Jordan Westerfield,Jordan Westerfield -Grapeland,"20233 Texas 21, Grapeland, Texas 75844",75844,,30
CID-JOR405,Jordan Westerfield,Jordan Westerfield,"7542 Co Rd 4200, Lovelady, TX 75851",75851,,30
CID-JOR406,Jordan Westerfield,Billing,"PO BOX 220 , Pennington , TX 75856",75856,,30
CID-JOS407,Jose Sifuentes,Jose Job,"8600 South US Highway 79, Palestine, Texas 75803",75803,,30
CID-JOS408,Jose Silva,Jose Silva - Trinity,"420 Tantabougue Rd, Trinity, TX 75862",75862,,30
CID-JOS409,Joseph Cotten,Mailing,"4031 Whitehall Way, Alpharetta, Georgia 30004",30004,,30
CID-JOS410,Joseph Cotten,Gladewater Site,"21092 US Highway 271 South, Gladewater, Texas 75647",75647,,30
CID-JOS411,Josh Castleberry,Josh Castleberry - Job,"2970 North Industrial Avenue, Tyler, Texas 75708",75708,,30
CID-JOS412,Josh Castleberry,Josh Castleberry - Corprate,"6050 Wildflower, Murchison, TX 75778",75778,,30
CID-JOS413,Josh Gentry,Josh Gentry - Newton,"515 Court Street, Newton, TX 75966",75966,,30
CID-JOS414,Joshua Stockton,Joshua Stockton,"8121 Farm to Market Road 645, Palestine, Texas 75803",75803,,30
CID-JUA415,Juan Villasenor Elite Demolition & Abatement,SFA Site,"1936 North Street, Nacogdoches, Texas 75965",75965,,30
CID-JUA416,Juan Villasenor Elite Demolition & Abatement,College St Job,"608 East College Street, Nacogdoches, Texas 75965",75965,,30
CID-JUS417,Justin Kaelin,Justin Kaelin,"180 An County Road 153, Elkhart, Texas 75839",75839,,30
CID-JUS418,Justin Oxford,Justin Oxford - Ben Wheeler,"1691 Fm 858, Ben Wheeler, TX 75754",75754,,30
CID-JUS419,Justin Oxford,Justin Oxford,"P.O.Box 649, ben wheeler, tx 75754",75754,,30
CID-K&E420,K&E Services,K&E Services - Tyler,"13039 Gaut Ave, Tyler, TX 75708",75708,,30
CID-K&L421,K&L Recycling,SITE,"134 Patton Lane, Tyler, Texas 75704",75704,,30
CID-KAR422,Karen Ellis,Mailing,"16638 Texas 7, Centerville, Texas 75833",75833,,30
CID-KAR423,Karen Ellis,SITE,"16398 Texas 7, Centerville, Texas 75833",75833,,30
CID-KAT424,Kathy Hawks,CR1510,"1960 County Road 1510, Center, Texas 75935",75935,,30
CID-KAT425,Kathy Hawks,SITE,"11648 Farm to Market Road 138, Center, Texas 75935",75935,,30
CID-KAT426,Kathy Rogers,Kathy Rogers,"3440 Reese Road, Groveton, Texas 75845",75845,,30
CID-KAT427,Kathy Rogers,Kathy Rogers,"363 Rogers Road, Apple Springs, Texas 75926",75926,,30
CID-KEI428,Keith Clements,Keith Clements - Ben Wheeler,"301 Vzcr 4419, Ben Wheeler, TX",#N/A,,30
CID-KEI429,Keith Hodges Collision,Shop,"16240 State Highway 31 West, Tyler, Texas 75709",75709,300107,30
CID-KEI430,Keith Isaac,Mailing,"13461 Peninsula Road, Whitehouse, Texas 75791",75791,,30
CID-KEI431,Keith Isaac,Daddy & Whitetails,"31.614128,-95.023268, Alto, TX 75925",75925,,30
CID-KEI432,Keith Teal,Mailing,"112 Wheatville Road, Naples, Texas 75568",75568,,30
CID-KEI433,Keith Teal,Keith Teal,"18777 State Hwy 155, Flint, TX 75762",75762,,30
CID-KEL434,Kelly Construction,Kelly Constuction,"600 South Loop 485, Gladewater, Texas 75647",75647,,30
CID-KEL435,Kelly Construction,Kelly Constuction,"1310 Texas 323 Loop, Tyler, Texas 75701",75701,,30
CID-KEL436,Kelly Construction,Mailing,"1977 FM 346, Tyler, Texas 75703",75703,,30
CID-KEL437,Kelly Construction,Kelly Construction - Mcelroy,"15902 Mcelroy Rd, Whitehouse, TX 75791",75791,,30
CID-KEL438,Kelly Construction,Kelly Construction - Palestine,"2002 Tile Factory Rd, Palestine , TX",#N/A,,30
CID-KEL439,Kellye Enterprises,Coughren Job,"11258 County Road 275, Buffalo, Texas 75831",75831,,30
CID-KEL440,Kellye Enterprises,Kellye Enterprises,"po box 495, Centerville , Texas 75833",75833,,30
CID-KEL441,Kellye Enterprises,Kellye Enterprises - Centerville,"619 N Commerce St., Centerville , TX 75833",75833,"300033, 300061",30
CID-KEN442,Ken David,Ken David - Emory,"551 Fm 2795, Emory, TX 75440",75440,,30
CID-KEN443,Ken Dietz Development,Gilmer Job,"10060 U.S. 259, Longview, Texas 75605",75605,,30
CID-KEN444,Ken Dietz Development,Billing,"PO BOX 1021, Bullard, Texas 75757",75757,,30
CID-KEN445,Kent Gordon,Gordon Job,"211 ACR 375, Palestine, Texas 75801",75801,,30
CID-KEV446,Kevin Fuhr,Mailing,"100 West Crawford Street, Palestine, Texas 75801",75801,,30
CID-KEV447,Kevin Fuhr,Kevin Fuhr - Site,"801 North Sycamore Street, Palestine, Texas 75801",75801,,30
CID-KEY448,Key Energy Services,Shop,"111 Texas 31, Kilgore, Texas 75662",75662,,30
CID-KEY449,Key Energy Services,ATTN: Treasury Dept.,"1500 CityWest Boulevard, Houston, Texas 77042",77042,,30
CID-KIN450,Kinder Morgan,Mailing,"6115 State Highway 323, Henderson, Texas 75652",75652,,30
CID-KIN451,Kinder Morgan,Compressor Station #8,"897 County Road 935, Nacogdoches, Texas 75964",75964,L400006,30
CID-KIN452,King Ranch Ag & Turf,Ag & Turf,"4195 North Wheeler Street, Jasper, Texas 75951",75951,300059,30
CID-LAK453,Lake Country Chevrolet,Lake Country Chevrolet- Jasper,"2152 North Wheeler Street, Jasper, Texas 75951",75951,,30
CID-LAM454,Lamar Advertising,Lamar Advertising - Tyler,"2301 East Erwin St, Tyler, TX 75702",75702,300052,30
CID-LAN455,LaNell Lindell,LaNell Lindell,"3214 County Road 4905, Troup, Texas 75789",75789,,30
CID-LAN456,Lanny Witt,Lanny Witt,"12893 Main Street, Overton, Texas 75684",75684,,30
CID-LAR457,Larry Cathy,Old Jacksonville,"5102 Old Jacksonville Highway, Tyler, Texas 75703",75703,,30
CID-LAR458,Larry Cathy,Larry Cathy,"13049 State Highway 31 West, Tyler, Texas 75709",75709,,30
CID-LAR459,Larry Cathy,Athens Demo,"404 Martin Luther King Junior Boulevard, Athens, Texas 75751",75751,,30
CID-LAR460,Larry Johnson,Larry Johnson - Flint,"15942 Farm to Market 2661, Flint, TX 75762",75762,,30
CID-LAR461,Larry Lewis,Larry Lewis - Tyler,"Fm 2661, Tyler , TX 75709",75709,,30
CID-LEN462,Lennon Construction,Edgewood ISD,"804 East Pine Street, Edgewood, Texas 75117",75117,,30
CID-LEN463,Lennon Construction,LENNON CONSTRUCTION,"21620 I-20 Frontage Rd, Wills Point, TX 75169",75169,,30
CID-LEN464,Lennon Construction,Yard,"7901 Texas 182, Alba, Texas 75410",75410,300017,30
CID-LEN465,Lennon Construction,Lennon Const. - Shop,"230 South Osborn Street, Alba, Texas 75410",75410,,30
CID-LEN466,Lennon Construction,Lennon Contruction - Como,"2F86+7H Como, Como, TX 75431",75431,,30
CID-LEN467,Lennon Construction,Southfork Dairy Job,"400 Co Rd 4410, Point, TX 75472",75472,300044,30
CID-LEN468,Lennon Construction,Dairy Barn Demo,"400 County Road 4410, Point, Texas 75472",75472,,30
CID-LEN469,Lennon Construction,Lennon Construction - Tyler,"32.3241648, -95.2184385, Tyler, TX 75701",75701,,30
CID-LEO470,Leons Sign,Leons Sign - Tyler,"851 Ene Loop 323, Tyler, TX 75708",75708,"200005, 200015, H0001",30
CID-LEX471,Lex ETX - Air Conditioning & Heating,Lex ETX - Air Conditioning & Heating,"14661 State Highway 155, Tyler, Texas 75703",75703,,30
CID-LIN472,Linda Yarbrugh,Linda Yarbrugh - Brownsboro,"15389 Fm 317, Brownsboro, TX 75756",75756,,30
CID-LON473,Lonestar Partners,Lonestar Partners - Concord,"Pr 4100, Concord, TX",#N/A,,30
CID-LOU474,Louis Diehl,Louis Diehl,"9360 Osr, Midway, Texas 75852",75852,,30
CID-LOV475,Lovelady Isd,Mailing,"P.O.Box 99, Lovelady, TX 75851",75851,,30
CID-LOV476,Lovelady Isd,Lovelady Isd - Lovelady,"11839 State Hwy 19, Lovelady, TX 75851",75851,,30
CID-LOW477,Lowes 1892 Palestine,Lowes 1892 Palestine - Palestine,"2715 South Loop 256, Palestine , TX 75801",75801,,30
CID-LSB478,LSB Chemical,LSB Chemical,"100 Lewis Street, Elkhart, Texas 75839",75839,,30
CID-LSR479,LSR Equipment,LSR,"11093 US Highway 69 North, Tyler, Texas 75706",75706,300023,30
CID-LUC480,LUCAS NETHERLAND,SITE,"340 Texas 294, Elkhart, Texas 75839",75839,,30
CID-LUC481,LUCAS NETHERLAND,Mailing,"10781 U.S. 287, Grapeland, Texas 75844",75844,,30
CID-LUC482,Lucas Roofing,Lucas Roofing - Crockett,"1929 Southwest Loop 304, Crockett, TX 75835",75835,300041,30
CID-LUD483,Ludco Electric,Ludco Electric - Nacogdoches,"3210 Sw Stallings Dr, Nacogdoches, TX 75964",75964,,30
CID-LYL484,Lyle Crowell,SITE,"7977 County Road 3704, Athens, Texas 75752",75752,,30
CID-MAT485,Mathew Jones,Mathew Jones - Jacksonville,"350 Cr 3305, Jacksonville , TX 75766",75766,,30
CID-MCC486,McCord & Associates Claim Management,ATTN: Logan Schere,"PO Box 391337 Omaha, NE 68139-1337, ,",#N/A,,30
CID-MCG487,"McGee Property Management, LLC",McGee Remodel,"912 W Camellia St, Tyler, TX 75701",75701,,30
CID-MCG488,McGee's Customs,McGee's Shop,"16210 State Highway 31 West, Tyler, Texas 75709",75709,300007,30
CID-MEL489,Melisa Champagn-Seay,Melisa Champagn-Seay,"907 University Street, Mineola, Texas 75773",75773,,30
CID-MEN490,Mendez Auto Sales,Mendez Auto Sales - Tyler,"2022 E Gentry Pkwy, Tyler, TX 75702",75702,,30
CID-MEN491,Mendez Auto Shop,Shop,"2022 East Gentry Parkway, Tyler, Texas 75702",75702,,30
CID-MET492,Metalloid Corp.,Metalloid Corp,"500 Jackson Street, Huntington, Indiana 46750",46750,,30
CID-MET493,Metalloid Corp.,Metalloid Corp Jacksonville,"1410 North Bolton Street, Jacksonville, Texas 75766",75766,,30
CID-MIC494,Michael Robertson,SITE,"3896 US Hwy 271 N, Gilmer, TX 75644",75644,,30
CID-MIC495,Michael Robertson,SITE,"3896 U.S. 271, Gilmer, Texas 75686",75686,300014,30
CID-MIC496,Michael Robertson,Mailing,"1313 Myrtle Drive, Jacksonville, Texas 75766",75766,,30
CID-MID497,Midwest Truck & Trailer Maintenance,Mailing,"23200 Northwest Parkway, Marysville, Ohio 43040",43040,,30
CID-MID498,Midwest Truck & Trailer Maintenance,Shop,"10731 U.S. 271, Tyler, Texas 75708",75708,300027,30
CID-MIG499,Miguel Contreras,Miguel Contreras,"6427 Parkdale Drive, Dallas, Texas 75227",75227,,30
CID-MIG500,Miguel Contreras,Miguel Contreras,"1909 East Southeast Loop 323, Tyler, Texas 75701",75701,,30
CID-MIK501,Mike Corley,Mike Corley - Jacksonville,"4659 State Hwy 135 North, Jacksonville , TX 75766",75766,,30
CID-MIK502,Mikes Small Engine Repair,Mikes Small Engine Repair - Lindale,"18520 Hw 69 N., Lindale, TX 75771",75771,,30
CID-MIN503,Mineola ISD,Mineola ISD,"900 West Patten Street, Mineola, Texas 75773",75773,300008,30
CID-MIN504,Mineola Service Center,Shop,"324 West Broad Street, Mineola, Texas 75773",75773,,30
CID-MIS505,Misc. Payouts,Misc. Cash Payouts,"4340 South State Highway 19, Palestine, Texas 75801",75801,,30
CID-MKS506,MKS Services LLC,MKS Services LLC,"6389 U.S. 79, Palestine, Texas 75801",75801,,30
CID-MOM507,MOMENTUM MIDSTREAM,Mailing,"754 County Road 425D, Henderson, Texas 75652",75652,,30
CID-MOM508,Momentum Midstream Longview Plant,Longview Plant,"268 Milam Road, Longview, Texas 75603",75603,,30
CID-MOR509,Morton Salt,SITE,"801 Texas 110, Grand Saline, Texas 75140",75140,300106,30
CID-MOT510,Motor Homes Of Texas,Motor Homes Of Texas - Nacogdoches,"2631 Nw Stallings Dr, Nacogdoches, TX 75964",75964,,30
CID-NAT511,National Installers,HEB,"1035 East Loop 304, Crockett, Texas 75835",75835,,30
CID-NAT512,National Installers,Mailing,"10801 Hammerly Boulevard, Houston, Texas 77043",77043,,30
CID-NEC513,Neches ISD,Neches ISD,"1509 An County Road 346, Palestine, Texas 75803",75803,,30
CID-NEC514,Neckover Trailers,Shop,"938 South Railroad Street, Troup, Texas 75789",75789,300028,30
CID-NEW515,New Hope Energy,Billing,"912 Glen Rose Drive, Allen, Texas 75013",75013,,30
CID-NEW516,New Hope Energy,Duncan Plant,"1775 East Duncan Street, Tyler, Texas 75702",75702,,30
CID-NEW517,New Hope Energy,"4706 Chandler Hwy Tyler, TX","4706 Chandler Highway, Tyler, Texas 75709",75709,,30
CID-NEX518,Nexgen Comfort Services,Mailing,"393 County Road 4105, Quitman, Texas 75783",75783,,30
CID-NEX519,"NexGen, LLC",NexGEN,"1501 East Main Street, Whitehouse, Texas 75791",75791,,30
CID-NIC520,Nicholas Roberts,Nicholas Roberts - Nacogdoches,"3269 St Hwy 204, Nacogdoches, TX 75964",75964,,30
CID-NOA521,Noah Engel,Noah Engel,"1641 An County Road 385, Palestine, Texas 75801",75801,,30
CID-NOM522,Nomad Metals,Nomad Metals - South Henderson Blvd - Kilgore,"3405 South Henderson Blvd, Kilgore, TX 75662",75662,,30
CID-NOM523,Nomad Metals,Nomad Metals - Hwy 259 - Kilgore,"3312 Hwy 259 N, Kilgore, TX 75662",75662,,30
CID-NOM524,Nomad Metals,Nomad Metals - Corprate - Odessa,"2615 Naurice Road, Odessa , TX 76762",76762,,30
CID-NOV525,Novatex,Novatex - Tyler,"8930 South Broadway Ave Suite 292, Tyler , TX 75703",75703,,30
CID-ODE526,Odell Scroggins,Odell Scroggins,"9360 County Road NE 2100, Talco, Texas 75487",75487,,30
CID-OPT527,Opti Blast,SITE,"4032 North Jackson Street, Jacksonville, Texas 75766",75766,,30
CID-OPT528,Option 1 Metal,Shop,"1912 South Street, Nacogdoches, Texas 75964",75964,,30
CID-OSC529,Oscar Vela,Home,"13411 Big Oak Bay Road, Tyler, Texas 75707",75707,,30
CID-OVE530,Overhead Door Solutions LLC,Overhead Door Solutions LLC,"418 Old Elkhart Road, Palestine, Texas 75801",75801,,30
CID-OVE531,Overhead Door Systems,Overhead Door Systems - Tyler,"16474 St Hwy 31W Tyler, Tx 75709, Tyler, TX 75709",75709,300021,30
CID-OXY532,Oxy,VME Yard,"3733 Shiloh Road, Tyler, Texas 75707",75707,,30
CID-P A533,P And M Canopies,P And M Canopies - Crockett,"1027 E Loop 304, Crockett, TX 75765",75765,,30
CID-PAC534,"Pacific West, LLC","Pacific West, LLC Union Pacific Job #245012","111 South Magnolia Street, Palestine, Texas 75801",75801,,30
CID-PAC535,"Pacific West, LLC","Pacific West, LLC Corporate","3131 East Highway 199, Springtown, Texas 76082",76082,,30
CID-PAL536,Palestine Fuel Injection,Palestine Fuel Injection,"1990 East Murchison Street, Palestine, Texas 75801",75801,,30
CID-PAL537,Palestine Herald Press,Palestine Herald Press,"519 North Elm Street, Palestine, Texas 75801",75801,,30
CID-PAL538,Palestine ISD,Palestine ISD,"1007 East Park Avenue, Palestine, Texas 75801",75801,,30
CID-PAL539,Palestine ISD,SITE,"105 State Highway 155, Palestine, Texas 75803",75803,,30
CID-PAL540,Palestine ISD Welding,Palestine ISD Welding,"1600 Texas 256 Loop, Palestine, Texas 75801",75801,,30
CID-PAL541,Palestine Regional Medical Center,Palestine,"2900 Texas 256 Loop, Palestine, Texas 75801",75801,,30
CID-PAL542,Palestine Toyota,Palestine Toyota,"2728 Texas 256 Loop, Palestine, Texas 75801",75801,,30
CID-PAL543,Palmetto Mining,Palmetto Mining,"2990 Farm to Market 13, Troup, Texas 75789",75789,,30
CID-PAL544,Palmetto Mining,Palmetto Mining,"608, Troup, texas 75789",75789,,30
CID-PAT545,Patrick Auto,SITE,"807 North Margaret Avenue, Kirbyville, Texas 75956",75956,,30
CID-PAT546,Patterson Wood Products,Patterson Wood Products - Nacogdoches,"1429 Nw Stallings Dr, Nacogdoches, TX 75965",75965,,30
CID-PAU547,Paul Dibble,Paul Dibble - Crockett,"4399 Sh 7 W, Crockett, TX 75835",75835,,30
CID-PEN548,Pennie BeCraft,BeCraft Site,"2419 County Road 451, Palestine, Texas 75803",75803,200019,30
CID-PEN549,Penske Services,Penske Services - Tyler,"10758 Us 271, Tyler, TX 75708",75708,,30
CID-PER550,Perfect Life Tx Llc,Perfect Life Tx Llc - Palestine,"2220 W Reagan St, Palestine, TX 75801",75801,,30
CID-PHI551,Phil Harris,Phil Harris - Emory,"199 Rscr 4320, Emory, TX 75440",75440,,30
CID-PIC552,Pichy's Buildings and Carports,Pichy's Buildings and Carports,"490 County Road 719, Nacogdoches, Texas 75964",75964,300025,30
CID-PIN553,Pinehurst Farms,Mailing,"4311 Oak Lawn Avenue, Dallas, Texas 75219",75219,,30
CID-PIN554,Pinehurst Farms,Ranch Location,"16252 Pinehurst Drive, Winona, Texas 75792",75792,,30
CID-PIN555,Pinnacle Gas Treating,Nurse Phase 2,"9R99+GR Newby, Newby, TX 75846",75846,,30
CID-PIN556,Pinnacle Gas Treating,Pinnacle New Pad,"6973 Co Rd 348, Jewett, TX 75846",75846,,30
CID-PIN557,Pinnacle Gas Treating,Mailing,"1760 County Road 2608, Tennessee Colony, Texas 75861",75861,,30
CID-PIN558,Pinnacle Gas Treating,Plant,"14610 Cole Branch Road, Franklin, Texas 77856",77856,300101,30
CID-PIN559,Pinnacle Gas Treating,Field Office,"520 Farm to Market Road 1146, Marquez, Texas 77865",77865,300053,30
CID-PIN560,Pinnacle Gas Treating,C&C Location,"20987 US-79, Marquez, TX 77865",77865,300090,30
CID-PRE561,Precision Fence,Precision Fence - Mineola,"2076 Cr 2336, Mineola, TX 75773",75773,400001,30
CID-PRE562,Precision Garage Door Service of Northeast Texas,Precision Garage Door Service,"3808 Timms Street, Tyler, Texas 75701",75701,300047,30
CID-PRI563,Priscilla Ellis,Priscilla Ellis - Nacogdoches,"294 Cr 241, Nacogdoches, TX 75961",75961,,30
CID-PRO564,Pro Electrical Services,Pro Location,"12872 Farm to Market Road 279, Chandler, Texas 75758",75758,,30
CID-QUA565,QUALITY EQUIPMENT MANAGEMENT,Mailing,"Bluegrass Lakes Parkway, Alpharetta, Georgia 30004",30004,,30
CID-QUA566,QUALITY EQUIPMENT MANAGEMENT,TRACTOR SUPPLY,"584 East Gibson Street, Jasper, Texas 75951",75951,,30
CID-QUA567,QUALITY EQUIPMENT MANAGEMENT,TSC NACOGDOCHES,"4301a North Street, Nacogdoches, Texas 75965",75965,,30
CID-QUA568,Quality Paint & Body,Quality Paint & Body - Crockett,"1053 E Loop 304, Crockett, TX 75835",75835,,30
CID-RAN569,Randall James,Mailing,"3615 Potomac Drive, Sachse, Texas 75048",75048,,30
CID-RAN570,Randall James,Walmart Dist.,"8600 South US Highway 79, Palestine, Texas 75803",75803,,30
CID-RB 571,Rb Products,Rb Products - Scottsville,"901 Varhalen Industrial Rd, Scottsville , TX 75688",75688,,30
CID-REC572,REC Industries,TDCJ-Michaels Unit,"2664 Farm to Market Road 2054, Tennessee Colony, Texas 75861",75861,,30
CID-REC573,REC Industries,Mailing,"P.O.Box 4868 Bryan, TX 77805, ,",#N/A,,30
CID-RED574,Red Dog Oil Tools,Red Dog Oil Tools,"3100 West Oak Street, Palestine, Texas 75801",75801,,30
CID-RED575,Redline Roofing LLC,Redline Roofing LLC,"2301 South Broadway Avenue, Tyler, Texas 75701",75701,,30
CID-REP576,Republic Services,"Republic Services of Kilgore, Tx","2815 Texas 42, Kilgore, Texas 75662",75662,,30
CID-REP577,Republic Services,"Republic Services of Kilgore, Tx","P.O. Box 1139, Kilgore, TX 75663",75663,,30
CID-REX578,Rex Dickens,Mailing,"P.O.Box 721, Emory, TX 75440",75440,,30
CID-REX579,Rex Dickens,Dickens Job,"6055 Farm to Market Road 514, Point, Texas 75472",75472,,30
CID-RHO580,Rhonda Whited,Whited location,"1507 Texas 154, Quitman, Texas 75783",75783,300085,30
CID-RHO581,Rhonda Whited,Mailing,"P.O. Box 100 Quitman, TX 75783, ,",#N/A,,30
CID-RIC582,Ricky McNeal,Lonestar,"3357 South FM 14, Hawkins, Texas 75765",75765,,30
CID-RIC583,Ricky Rocha,Ricky Rocha,"1708 Yosemite Drive, Tyler, Texas 75703",75703,,30
CID-RIS584,Rise Up Refuse,RiseUp Demo - Athens,"404 Martin Luther King Junior Boulevard, Athens, Texas 75751",75751,,30
CID-RIS585,Rise Up Refuse,Mailing,"P.O.Box 350 Chandler, TX 75758, ,",#N/A,,30
CID-ROB586,Robbins & Morton,Robbins & Morton - Rusk,"805 N Dickerson Dr. Rusk, Rusk, TX 75785",75785,,30
CID-ROB587,Robert Fuller,Hay Farm,"2202 Honeysuckle Road, Gilmer, Texas 75645",75645,,30
CID-ROB588,Robert Petry,Robert Petry - Lovelady,"11549 Farm to Market 230, Lovelady, Texas 75851",75851,,30
CID-ROB589,Robertson Construction,Robertson Construction - Frankston,"999 Cr 3501, Frankston , TX 75763",75763,,30
CID-ROB590,Robertson Mechanical Contractors Llc,Robertson Mechanical Contractors Llc - Trane,"6200 Troup Highway, Tyler, Texas 75707",75707,,30
CID-ROB591,Robertson Mechanical Contractors Llc,Robertson Mechanical,"2936 Specialty Drive, Tyler, Texas 75707",75707,200013,30
CID-ROB592,Robertson Mechanical Contractors Llc,Tailored Chemical Job,"13039 Gaut Avenue, Tyler, Texas 75708",75708,300048,30
CID-ROB593,Robins & Morton,Robins & Morton - Rusk,"805 N Dickenson Drive, Rusk , TX 75785",75785,,30
CID-ROB594,Robye Davis,Robye Davis - Jasper,"1001 Dickerson Drive, Jasper , TX 75951",75951,,30
CID-ROC595,Rockaway Recycling,Walmart #827,"603 Texas 243, Canton, Texas 75103",75103,,30
CID-ROC596,Rockin D Driveway,Rockin D Driveway - Nacogdoches,"415 Nw Stallings Drive, Nacogdoches, TX 75964",75964,,30
CID-ROG597,Rogue Off-Road,Rogue Off-Road - Jacksonville,"1032 N Jackson St, Jacksonville , TX 75766",75766,,30
CID-RON598,Ron Heints,Ron Heints - Kennard,"3802 Cr 4600, Kennard, TX 75847",75847,,30
CID-RON599,Ron Marquess,Ron,"3593 Farm to Market Road 279, Ben Wheeler, Texas 75754",75754,,30
CID-ROO600,Root Construction,Root Construction - Tyler,"2215 Roy Rd, Tyler, TX 75707",75707,,30
CID-ROS601,Ross Mills,Home,"3189 Farm to Market Road 2752, Athens, Texas 75752",75752,,30
CID-RR 602,Rr Donnelley & Sons,Rr Donnelley & Sons - Nacogdoches,"5903 North St, Nacogdoches, TX 75965",75965,,30
CID-RTP603,RTP,RTP,"460 Farm to Market Road 2160, Crockett, Texas 75835",75835,300094,30
CID-RTP604,RTP,Mailing,"PO Box 1038, Latexo, Texas 75849",75849,,30
CID-RUD605,Rudd Fire Protection,Rudd Fire Protection - Rudd Fire Protection - Jacksonville,"806 Willow Creek Dr, Jacksonville , TX 75766",75766,,30
CID-RUS606,Rush Truck Center,Rush Truck Center - Tyler,"11042 Hwy 69N, Tyler, TX 75706",75706,300066,30
CID-RUS607,Rush Truck Leasing,Rush Truck Leasing - Tyler,"10791 Hwy 69 North, Tyler, TX 75706",75706,100005,30
CID-RUS608,"Rusk County Electric Cooperative., Inc","Rusk County Electric Cooperative., Inc - Henderson","3162 Tx-43, Henderson, TX 75652",75652,"200014, 300077",30
CID-RUS609,Rusk State Hospital,Rusk State Hospital - Rusk,"805 N Dickerson Drive, Rusk, TX 75785",75785,,30
CID-RUS610,Rusk State Hospital,Mailing,"PO BOX 318 , Rusk, TX 75785",75785,,30
CID-RUS611,Rusk State Hospital,Rusk State Hospital - Dairy Barn,"272 Underwood St, Rusk, TX 75785",75785,,30
CID-RUS612,Russell Currie,Russell Currie,"6561 Farm to Market 1990, Palestine, Texas 75801",75801,,30
CID-RUS613,Russell Currie,Billing,"PO Box 128, Elkhart, Texas 75839",75839,,30
CID-RUS614,Rusty Davis,Rusty Davis - Grand Saline,"3092 U.S. 80, Grand Saline, Texas 75140",75140,,30
CID-S&S615,S&S Gutters,Mailing,"4529 County Road 149, Flint, Texas 75762",75762,,30
CID-S&S616,S&S Gutters,S&S Shop,"18965 Burkett Road, Flint, Texas 75762",75762,,30
CID-SAL617,Salomon Cisneros,Salmon Cisneros - Palestine,"8660 Us 79, Palestine, TX 75801",75801,300071,30
CID-SAL618,Salomon Cisneros,Walmart Dist.,"8600 South US Highway 79, Palestine, Texas 75803",75803,,30
CID-SAL619,Salomon Cisneros,Mailing,"1300 East 26th Street, Bryan, Texas 77803",77803,,30
CID-SAM620,Sam Moore,SITE,"966 County Road 1590, Alba, Texas 75410",75410,300119,30
CID-SAN621,Sanderson Farms,Sanderson Farms - Tyler,"13523 Fm 2015, Tyler, TX 75708",75708,300037,30
CID-SAR622,Sara Jordan,Sara Jordan,"2837 Farm to Market 1087, Nacogdoches, Texas 75965",75965,,30
CID-SEC623,Secure Electric,Secure Electric,"802 Myrtle Street, Grapeland, Texas 75844",75844,,30
CID-SEL624,Select Chemistry,Select Chemestry - Tyler,"12032 State Hwy 155, Tyler, TX 75708",75708,300002,30
CID-SER625,Service Access,Service Access Corporate,"8145 Main Street, Woodstock, Georgia 30188",30188,,30
CID-SER626,Service Access,Service Access - RR Donnelley,"5903 North Street, Nacogdoches, Texas 75965",75965,,30
CID-SHA627,Shadera Denton,Shadera Denton - Jacksonville,"County Road 3814, Jacksonville, Texas 75766",75766,,30
CID-SHA628,Shandra Denton,Shandra Denton - Jacksonville,"Cr 3814, Jacksonville , TX 75766",75766,,30
CID-SHA629,Shannon Sullivan,Sullivan Location,"6678 Farm to Market 2022, Crockett, Texas 75835",75835,,30
CID-SHA630,Sharon Gullett,Mailing,"1843 Sentinel Way, Tyler, Texas 75703",75703,,30
CID-SHE631,Shell Gas Station,Gas Station,"6481 Farm to Market Road 16, Lindale, Texas 75771",75771,,30
CID-SHE632,Shelton Trackhoe and Dozer LLC,Shelton Trackhoe and Dozer LLC,"6602 State Highway 155, Palestine, Texas 75803",75803,,30
CID-SKS633,SKS Demolition,Christus Sulphur Springs Job,"115 Airport Road, Sulphur Springs, Texas 75482",75482,,30
CID-SKS634,SKS Demolition,Hospital,"719 East Coke Road, Winnsboro, Texas 75494",75494,,30
CID-SKS635,SKS Demolition,EMA Job,"328 South Broadway Avenue, Tyler, Texas 75702",75702,,30
CID-SKS636,SKS Demolition,Kissam Intermediate School,"12800 State Highway 64, Tyler, Texas 75707",75707,,30
CID-SKS637,SKS Demolition,Mailing,"396 County Road 2130, Quitman, Texas 75783",75783,,30
CID-SMI638,Smith Builders And Developers,Spring Hill Park Job,"2612 East George Richey Road, Longview, Texas 75604",75604,,30
CID-SMI639,Smith Builders And Developers,Smith Builders And Developers - Quitman,"100 Gov Hogg Pkway, Quitman, TX 75783",75783,,30
CID-SMI640,Smith Tanks,Smith Tanks - Tyler,"9887 Us 271, Tyler, TX 75708",75708,,30
CID-SML641,Sml Demolition & Deconstruction,Sml Demolition & Deconstruction - Palestine,"2015 Tile Factory Rd, Palestine, TX 75801",75801,,30
CID-SOL642,Solis Brothers Excavation,Mailing,"18009 Interstate 20, Winona, Texas 75792",75792,,30
CID-SOL643,Solis Brothers Excavation,Chick-fil-a Job,"4501 North Street, Nacogdoches, Texas 75965",75965,,30
CID-SOU644,Southern Tire Mart,Southern Tire Mart - Tyler,"516 E Ne Loop 323, Tyler, TX 75706",75706,300117,30
CID-SOU645,Southside Bank,Southside Bank,"3310 Texas 256 Loop, Palestine, Texas 75801",75801,,30
CID-SOU646,Southwest Metal,Mailing,"P.O. Box300, Mineola, TX 75773",75773,,30
CID-SOU647,Southwest Metal,Southwest Metal - Mineola,"485 Ne Loop 564, Mineola, TX 75773",75773,300096,30
CID-SPA648,Sparc Industries,Sparc Industries - Tyler,"2072 Brandon Dr, Tyler, TX 75703",75703,300026,30
CID-STA649,Star Buildings & Carports,Star Buildings & Carports - Nacogdoches,"2803 Nw Stallings Drive, Nacogdoches, TX 75964",75964,"400002, 400017",30
CID-STA650,Star Resale Appliances & Furniture,Star Resale Appliances & Furniture - Tyler,"245 S Mahon Ave, Tyler, TX 75702",75702,,30
CID-STE651,Stephanie Bathe,Shop,"3961 Farm to Market Road 2966, Quitman, Texas 75783",75783,,30
CID-STE652,Steve Lewis,Steve Lewis,"6290 Reynolds Road, Tyler, Texas 75708",75708,,30
CID-STE653,Steve Lewis,Mailing,"10225 Wortham Boulevard, Houston, Texas 77065",77065,,30
CID-STO654,Stone Water Roofing,Horizon Job,"500 North Bois D'Arc Avenue, Tyler, Texas 75702",75702,,30
CID-STO655,Stone Water Roofing,Stone Water Roofing,"924 West Houston Street, Tyler, Texas 75702",75702,300081,30
CID-STS656,STS Electronic Recycling,STS Electronic Recycling - Bonner,"312 S Bonner St, Jacksonville, TX 75766",75766,,30
CID-STS657,STS Electronic Recycling,STS Electronic Recycling - Bolton,"1653 N Bolton St, Jacksonville, TX 75766",75766,"400012, 400013",30
CID-STS658,STS Electronic Recycling,Shop,"101 Myrtle Drive, Jacksonville, Texas 75766",75766,,30
CID-STS659,STS Electronic Recycling,STS Electronic Recycling - 204 - Jacksonville,"3577 TX-204, Jacksonville, TX 75766",75766,,30
CID-SUM660,Sumrall Distributing Co. Inc,Sumrall Distributing Co. Inc,"P. O. Box 1697 Palestine, Texas 75802, ,",#N/A,,30
CID-SUN661,Sunbelt Solomon Services,"Sunbelt Diana, TX","1355 Kuykendall Road, Diana, Texas 75640",75640,,30
CID-SUN662,Sunbelt Solomon Services,"Sunbelt Jefferson, TX","24521 Texas 49, Jefferson, Texas 75657",75657,,30
CID-SUN663,Sunbelt Solomon Services,Sunbelt Solomon,"1922 Martin Luther King Junior Drive, Temple, Texas 76504",76504,,30
CID-SUP664,Superior Outdoor,SITE,"216 Nettles Drive, Tyler, Texas 75702",75702,,30
CID-SUP665,Superior Outdoor,SITE,"1108 West Hickory Street, Tyler, Texas 75702",75702,,30
CID-SUP666,Superior Outdoor,Mailing,"PO Box 1095 Flint, TX, ,",#N/A,,30
CID-SUP667,Superior Xteriors,Palestine,"962 Farm to Market 3266, Palestine, Texas 75801",75801,,30
CID-T&O668,T&O Fence,T&O Fence,"4150 County Road 309, Frankston, Texas 75763",75763,300035,30
CID-T&O669,T&O Fence,T&O Mailing,"PO Box 1024, Frankston , Texas 75763",75763,,30
CID-TAC670,TAC Broadband LLC,Site,"1900 Southwest Loop 304, Crockett, Texas 75835",75835,,30
CID-TAI671,Tailored Foam,Tailored Foam,"13039 Gaut Avenue, Tyler, Texas 75708",75708,,30
CID-TAR672,Target Solutions,Target Solutions - Winona,"611 Wildcat Drive, Winona, TX 75792",75792,,30
CID-TBZ673,Tbz Holdings,Hallsville,"126 Pintail Ln, Hallsville, TX 75650",75650,,30
CID-TBZ674,Tbz Holdings,Tbz Holdings - Hwy 69N,"6120 Hwy 69 N, Tyler Tx, TX 75702",75702,,30
CID-TBZ675,Tbz Holdings,Tbz Holdings - Fm2493,"17968 Fm 2493, Flint, TX 75762",75762,,30
CID-TBZ676,Tbz Holdings,Tbz Holdings - Flint,"Po Box 91, Flint, TX 75762",75762,,30
CID-TBZ677,Tbz Holdings,Tbz Holdings - Bynmar - Flint,"6020 Brynmar Ct, Flint , TX 75772",75772,,30
CID-TEJ678,Tejas Carports & Roofing,Tejas Carports & Roofing,"4821 FM 698, Nacogdoches, Texas 75964",75964,300069,30
CID-TEJ679,Tejas Mex,Tejas Mex - Nacogdoches,"495 Cr 728, Nacogdoches, TX 75964",75964,300067,30
CID-TER680,Terry Ashert,Terry Ashert,"22339 Interstate 20 Frontage Road, Wills Point, Texas 75169",75169,,30
CID-TER681,Terry Waldron,Waldron Location,"1766 An County Road 164, Elkhart, Texas 75839",75839,,30
CID-TES682,TEST ACCOUNT,TEST ACCOUNT,"123 West Main Street, Grand Prairie, Texas 75050",75050,,30
CID-TEX683,Tex-Fin,Tex-Fin - Crockett,"701 E Loop 304, Crockett, TX 75835",75835,300003,30
CID-TEX684,Texas Department of Criminal Justice,Coffield Unit,"2661 Farm to Market Road 2054, Tennessee Colony, Texas 75884",75884,BLACK,30
CID-TEX685,Texas Department of Criminal Justice,TDJC - Cashier's Office,"P.O. Box 4015, Huntsville, TX 77342",77342,,30
CID-THE686,The Brothers That Just Do Gutters,The Brothers That Just Do Gutters - Tyler,"12540 State Hwy 155 N, Tyler, TX 75708",75708,300074,30
CID-THE687,The Junkies LLC,Mailing,"804 County Road 3702, Quinlan, Texas 75474",75474,,30
CID-THE688,The Junkies LLC,The Junkies LLC job site,"F8MH+28 Van, Van, TX",#N/A,,30
CID-THE689,The Melon Shed,The Melon Shed - Grapeland,"812 N Market, Grapeland , TX 75844",75844,,30
CID-THE690,Thermo Manufacturing,Mailing,"218, Lindale, TX 75771",75771,,30
CID-THE691,Thermo Manufacturing,Shop,"301 Walnut Springs Road, Lindale, Texas 75771",75771,,30
CID-THO692,Thomas Parts,SITE,"2103 Texas 31, Kilgore, Texas 75662",75662,300056,30
CID-TIM693,Tim Peterson,Peterson,"17091 Farm to Market Road 3204, Brownsboro, Texas 75756",75756,,30
CID-TIM694,Tim Peterson,Tim Peterson - Laure,"4044 Pinewood Trail, Laure, TX 75770",75770,,30
CID-TNT695,TNT Demolition,TNT Demo,"18978 County Road 484, Mineola, Texas 75773",75773,,30
CID-TNT696,TNT Demolition (Norman Ward),Kilgore Job,"2627 Van Meter Road, Kilgore, Texas 75662",75662,,30
CID-TNT697,TNT Demolition (Norman Ward),CR 1148,"14013 County Road 1148, Tyler, Texas 75704",75704,,30
CID-TNT698,TNT Demolition (Norman Ward),Mailing,"17149 County Road 3147, Tyler, Texas 75706",75706,,30
CID-TNT699,TNT Demolition (Norman Ward),Headquarters,"17149 County Road 3147, Tyler, Texas 75706",75706,,30
CID-TNT700,TNT Demolition (Norman Ward),Bullard Job,"14944 Saline Circle, Bullard, Texas 75757",75757,,30
CID-TNT701,TNT Demolition (Norman Ward),Chandler Job,"22253 Oak Drive, Chandler, Texas 75758",75758,,30
CID-TOD702,Todd Wilkinson,Todd Wilkinson - Pennington,"11360 S Hwy 287, Pennington, TX 75856",75856,,30
CID-TOL703,Toliver Ford,Toliver Ford - Mineola,"1311 S Pacific St, Mineola, TX 75773",75773,,30
CID-TON704,Tony Cervantes,Cattle Lease,"30001 Farm to Market Road 279, Ben Wheeler, Texas 75754",75754,,30
CID-TON705,Tony Cervantes,Tony Cervantes - Ben Wheeler,"1075 County Road 4601, Ben Wheeler, Texas 75754",75754,,30
CID-TOR706,Torry Stewart,Torry Stewart,"7251 County Road 129, Tyler, Texas 75703",75703,,30
CID-TOW707,Tower Maintenance Corporation,Mailing,"P.O.Box 3081 , Val Dosta, GA 31604",31604,,30
CID-TOW708,Tower Maintenance Corporation,Tower Maintenance Corporation - Alto,"700 Fisher Street, Alto, Texas 75925",75925,,30
CID-TOW709,Tower Maintenance Corporation,Nac Tower Demo,"4156 Center Highway, Nacogdoches, Texas 75961",75961,,30
CID-TOW710,Townley Manufacturing,SITE,"23590 U.S. 79, Jacksonville, Texas 75766",75766,,30
CID-TOW711,Townley Manufacturing,Mailing,"P.O. Box 221 Candler, Florida 32111, -, -",#N/A,,30
CID-TRA712,Tracy Bennett,Tracy Bennett - Buffalo,"8468 E Cr 212, Buffalo , TX 75831",75831,,30
CID-TRA713,Travis Byrd,Travis Bryd Physical,"967 County Rd 2825, -, TX 75925",75925,,30
CID-TRA714,Travis Byrd,Travis Bryd,"595 County Road 2819, Alto, Texas 75925",75925,,30
CID-TRE715,Trendsetter Construction,Trendsetter Construction - Garrison,"1551 Cr 168, Garrison, TX 75946",75946,,30
CID-TRI716,Tri-W Global,Tri-W Global - Null,"Null, Null, TX 75662",75662,,30
CID-TRI717,Trident Solution Services,Cayuga HS,"17750 North US Highway 287, Tennessee Colony, Texas 75861",75861,,30
CID-TRI718,Trident Solution Services,Mailing,"P.O.Box 655 Lorena, Tx 76655, ,",#N/A,,30
CID-TRI719,Trifecta Services Company,Trifecta Services Company - Null,"Null, Null, -",#N/A,,30
CID-TRI720,Trinity Isd,Trinity Isd - Trinity,"500 E Caroline St, Trinity , TX 75856",75856,300089,30
CID-TUR721,Turner Fabrications,Turner Fabrications - Nacogdoches,"718 S University Dr, Nacogdoches, TX 75961",75961,,30
CID-TWI722,Twisted Gears,Twisted Gears - Rusk,"1177 Pineygrove Road, Rusk, TX 75764",75764,,30
CID-TX 723,Tx Mat & Timber Llc,Tx Mat & Timber Llc - Salmon,"134 Cr 172, Salmon, TX 75839",75839,,30
CID-TYL724,Tyler Overhead Door,Tyler Overhead Door - Tyler,"11601 Spur 248, Tyler, TX 75707",75707,300082,30
CID-TYL725,Tyler Pipe,Tyler Pipe,"11910 County Road 492, Tyler, Texas 75706",75706,,30
CID-UNI726,United States Postal Service,Longview Job,"4501 McCann Road, Longview, Texas 75605",75605,,30
CID-UNI727,United States Postal Service,Lufkin Job,"800 South John Redditt Drive, Lufkin, Texas 75904",75904,,30
CID-UNI728,University of Texas at Tyler,Campus,"3900 University Boulevard, Tyler, Texas 75799",75799,,30
CID-US 729,Us Metal Works,Us Metal Works - Pineland,"105 Yellowpine Road, Pineland , TX 75969",75969,,30
CID-VAL730,Valley View Cattle Company,Valley View Cattle Company - Athens,"7940 Fm 2961, Athens , TX 75751",75751,,30
CID-VAU731,Vault Arms,Vault Arms,"404 West Erwin Street, Tyler, Texas 75702",75702,,30
CID-VER732,Verdant Specialty Solutions,Verdant Specialty Solutions - Palestine,"2187 Fm 323, Palestine, TX 75801",75801,,30
CID-VEZ733,Vezha Telecom LLC,Vezha Telecom LLC,"1140 Dexter Ridge Drive, Holly Springs, North Carolina 27540",27540,,30
CID-VIN734,Vince Ondrasek,Home,"1170 County Road 338, Palestine, Texas 75803",75803,,30
CID-VME735,VME Fabricators,VME,"3733 Shiloh Road, Tyler, Texas 75707",75707,,30
CID-VUL736,Vulcraft Division Of Nucore,Vulcraft Division Of Nucore,"175 County Rd 2345, Grapeland, TX 75844",75844,"200001, 300095",30
CID-WAL737,Walmart Warehouse 6005,Walmart Warehouse 6005,"201 Old Elkhart Road, Palestine, Texas 75801",75801,,30
CID-WAR738,Warren Services,Warren Services,"924 North Perry Street, Palestine, Texas 75801",75801,,30
CID-WAS739,Waste Connections,Waste Connections,"812 Anderson County Road 367, Palestine, Texas 75801",75801,,30
CID-WC 740,WC Tractor,SITE,"1604 East Loop 304, Crockett, Texas 75835",75835,300055,30
CID-WEE741,Weems Heavenly Acres,Weems Heavenly Acres - Alba,"272 Cr 1580, Alba , TX 75410",75410,,30
CID-WEL742,Wells ISD,Fab Dept,"88 5th Street, Wells, Texas 75976",75976,300103,30
CID-WEL743,Wells Rental,Wells Rental - Tyler,"15196 Cr 1134, Tyler , TX 75709",75709,,30
CID-WES744,West Sabine FFA,West Sabine FFA,"109 Timberland Highway, Pineland, Texas 75968",75968,,30
CID-WES745,Western Pulp Products Company,Western Pulp Products Company - Jacksonville,"1577 N Bolton Street, Jacksonville, TX 75766",75766,,30
CID-WIL746,Wilders Seamless Gutters,Mailing,"2700 Meadowlark Lane, Tyler, Texas 75701",75701,,30
CID-WIL747,Wilders Seamless Gutters,Wilder Seamless Gutters,"11452 State Highway 64, Tyler, Texas 75707",75707,"300010, 300091",30
CID-WIL748,William Nice,William Nice,"5704 U.S. 175, Jacksonville, Texas 75766",75766,,30
CID-WIL749,Wilson Culverts,Wilson Culverts,"Texas 19, Elkhart, Texas",#N/A,,30
CID-WIN750,Winston Water Cooler,Winston Water Cooler - Jacksonville,"401 N Jackson St, Jacksonville, TX 75766",75766,,30
CID-WOO751,Wood Air Conditioning Llc,Wood Air Conditioning Llc - Tyler,"6801 S Broadway Ave, Tyler, TX 75702",75702,,30
CID-WOO752,Wood County Electric Cooperative Inc.,Wood County Electric Cooperative Inc. - Quitman,"501 S Main St, Quitman, TX 75783",75783,,30
CID-XTO753,Xto Energy,XTO Kilgore,"700 TX-31, Kilgore, TX 75662",75662,,30
CID-XTO754,Xto Energy,Xto Energy - Gas Plant,"155 Pr 7652, Hawkins, TX 75765",75765,,30
CID-XTO755,Xto Energy,Xto Energy - Hawkins,"1329 Beaulah Street, Hawkins , TX 75765",75765,,30
CID-XTR756,Xtreme Metals,Mailing,"P.O.Box 179 Flint, TX 75762, ,",75762,,30
CID-XTR757,Xtreme Metals,Shop,"18837 Frankston Highway, Flint, Texas 75762",75762,300115,30